employee_id,is_promoted
13463,
16160,
15840,
28325,
23651,
17594,
64559,
37040,
38199,
52622,
45211,
23048,
50474,
75493,
4260,
54833,
50481,
34452,
71971,
49038,
30945,
47127,
12850,
63291,
38004,
54036,
75650,
76693,
3172,
59607,
40988,
48927,
76946,
10466,
9060,
10450,
10065,
35004,
27985,
63238,
78030,
46559,
1805,
28197,
938,
26605,
22074,
45900,
17530,
13999,
75591,
26668,
7850,
11923,
62317,
28731,
44170,
44454,
48423,
38404,
26860,
75504,
32586,
40469,
45556,
69617,
76277,
47816,
24729,
67852,
49934,
42038,
49535,
58005,
10432,
34637,
41007,
69047,
15986,
38683,
50597,
53407,
35540,
54960,
35883,
20043,
7601,
31744,
14014,
40182,
14959,
27734,
77403,
26758,
52073,
62045,
72116,
73753,
19374,
18078,
28681,
61121,
9931,
1487,
62703,
52299,
25295,
74294,
7442,
53166,
26597,
21169,
61125,
22295,
50097,
28622,
66157,
74821,
60061,
12647,
49828,
27026,
12081,
24542,
64748,
712,
12919,
44267,
40668,
46165,
27036,
49854,
5223,
31327,
17397,
62629,
34827,
69291,
26068,
35108,
63308,
31770,
46743,
617,
47057,
75426,
7343,
68923,
52273,
5041,
1458,
5335,
53371,
33990,
75585,
21418,
30484,
33755,
40461,
3633,
66154,
56191,
35207,
66110,
13333,
68705,
703,
8761,
3771,
46715,
23528,
15189,
3709,
11494,
20207,
68139,
72330,
53479,
44187,
2532,
28426,
20194,
495,
8925,
58801,
44512,
4495,
47195,
47839,
21783,
69420,
64942,
20833,
7050,
30520,
64283,
32317,
78071,
68445,
24653,
67389,
61169,
61866,
15792,
53343,
51463,
26614,
8276,
22071,
65891,
26091,
20296,
67591,
51963,
26311,
1504,
25811,
45020,
57496,
2,
35890,
17038,
21744,
30695,
47489,
60764,
72349,
6123,
17890,
10715,
22460,
48960,
45645,
42169,
29606,
57003,
22608,
47649,
50585,
19517,
34960,
39765,
38173,
55885,
30960,
67381,
71640,
63793,
67105,
3346,
17604,
10383,
78138,
58818,
26696,
65307,
50248,
24401,
15984,
46763,
78136,
21471,
21901,
71163,
30584,
56108,
4818,
37561,
74426,
11758,
26819,
7892,
67653,
42127,
37415,
2269,
78281,
5363,
31407,
1018,
57544,
23180,
17091,
70581,
32652,
71551,
65117,
8160,
47266,
8986,
9795,
9908,
51894,
26613,
61800,
20347,
39680,
77509,
10186,
474,
35059,
77850,
55654,
21381,
5670,
54655,
76300,
70739,
72439,
66751,
46306,
5700,
24120,
33252,
11935,
41822,
69529,
56673,
2068,
70699,
1914,
36956,
63384,
2448,
72026,
9129,
69878,
42555,
27683,
31003,
6688,
53611,
40261,
67958,
67308,
5688,
35521,
2935,
72588,
26395,
33031,
63511,
59772,
66088,
5717,
68241,
10180,
25657,
27527,
27842,
27704,
35062,
29210,
30992,
52810,
54153,
54793,
212,
36194,
53865,
44672,
48990,
68955,
48393,
8725,
69302,
15165,
32689,
40462,
8290,
63181,
13526,
26383,
8798,
24988,
28579,
75649,
5333,
37121,
3650,
42059,
60731,
4335,
41544,
38469,
58950,
28149,
7392,
46712,
9622,
60894,
3299,
3268,
25561,
27148,
75596,
48500,
46731,
612,
20849,
55622,
70864,
16495,
45435,
56647,
3783,
25520,
67701,
65640,
10620,
71874,
8963,
61447,
61409,
43790,
78060,
64824,
30710,
26366,
16996,
11108,
18723,
19555,
17619,
22324,
15894,
53765,
73687,
37028,
19520,
73577,
11144,
58093,
49369,
58816,
78127,
57447,
2993,
53822,
44543,
18321,
51728,
47701,
5003,
8614,
38053,
67582,
39714,
59502,
56875,
58591,
58221,
53667,
25581,
44269,
38735,
36523,
9702,
18276,
7320,
22426,
71574,
21951,
74756,
31347,
44548,
72955,
11713,
52547,
7710,
37983,
47878,
29453,
25163,
34258,
67027,
21535,
3434,
47874,
38229,
20662,
931,
27841,
18374,
70229,
12988,
14040,
63435,
8148,
54249,
74391,
3198,
7586,
73574,
64427,
27444,
21009,
19653,
41715,
18966,
16709,
46897,
39609,
27589,
36963,
31252,
14337,
78272,
6363,
71959,
62934,
59113,
5573,
8118,
62227,
76663,
21177,
53701,
69354,
14189,
14540,
33023,
77614,
13606,
46071,
52621,
39581,
25580,
15271,
76835,
30147,
8671,
76283,
39101,
33584,
19287,
7897,
24111,
11208,
75192,
33130,
7299,
53603,
19423,
40734,
18651,
12350,
59754,
62796,
67850,
41609,
44426,
9003,
28770,
10487,
4988,
17054,
29948,
1625,
56788,
43397,
13696,
30067,
12754,
49508,
46739,
50702,
13136,
12479,
77535,
11455,
53072,
40878,
15535,
100,
22545,
21152,
1419,
7391,
17978,
53145,
62571,
9486,
14631,
48260,
28359,
15966,
14425,
6523,
3431,
58736,
39705,
67731,
58099,
43078,
66697,
70023,
55882,
25188,
61457,
42253,
49394,
7664,
15431,
76788,
35374,
6668,
20541,
13835,
26145,
14457,
36403,
3974,
31476,
73663,
33154,
24173,
33900,
9803,
34415,
55933,
15904,
56867,
8317,
18711,
56931,
3287,
73093,
25167,
31633,
25710,
31554,
10422,
76122,
52705,
67072,
30212,
33735,
26402,
27897,
13967,
57214,
56642,
25983,
68622,
43508,
55038,
43796,
66222,
71358,
35838,
20314,
71529,
69716,
77268,
67634,
18946,
77715,
76071,
32258,
10525,
35396,
46618,
67287,
598,
44251,
42815,
30341,
40796,
32215,
31693,
65391,
12482,
37029,
39790,
13528,
8815,
44277,
47069,
8831,
53670,
32472,
28378,
29951,
66248,
64212,
75085,
48926,
52821,
62947,
62222,
50110,
32421,
25916,
8076,
11559,
3519,
30512,
17962,
20971,
39884,
20376,
76018,
59966,
43758,
40568,
21210,
24162,
49262,
9877,
54944,
48829,
43934,
6262,
12191,
40366,
1465,
40618,
51806,
25140,
22872,
5246,
41373,
42636,
9488,
49651,
73437,
68507,
56692,
51548,
39191,
12742,
25445,
57945,
75509,
70765,
13190,
4363,
3603,
75612,
55407,
52243,
6125,
41687,
11767,
28685,
42721,
36043,
13337,
36998,
63625,
7454,
64675,
3007,
71418,
8413,
13636,
29029,
48549,
40440,
5805,
76762,
53078,
60144,
54633,
39896,
62125,
66291,
64778,
31000,
64377,
56237,
47651,
1404,
73740,
28221,
40137,
24246,
44376,
50935,
7738,
59896,
30564,
49037,
65500,
66906,
2261,
72902,
19519,
34435,
46891,
24041,
14181,
44226,
64536,
73190,
47490,
30917,
55911,
6502,
70803,
65036,
26346,
26271,
70520,
6750,
28321,
14326,
46063,
5451,
45539,
31953,
39137,
42380,
3165,
61983,
16631,
42319,
7179,
61405,
41680,
77147,
68993,
39418,
66552,
68927,
57180,
67678,
54013,
53372,
8412,
30728,
13490,
16433,
15609,
10735,
67667,
43402,
31666,
20732,
35182,
19957,
68155,
8476,
69167,
52078,
27389,
76040,
26707,
70149,
25466,
53019,
41510,
40243,
56029,
953,
2348,
32566,
6386,
49401,
66564,
63098,
19165,
57516,
38402,
15599,
56466,
55893,
70457,
28470,
68293,
70268,
70336,
11076,
61921,
46567,
75299,
59063,
70933,
68117,
20133,
5454,
64500,
49672,
13947,
65523,
29513,
6941,
68276,
63343,
78084,
14762,
61894,
1857,
75759,
51025,
5819,
35475,
60045,
69780,
20743,
652,
35903,
18756,
29533,
31296,
20052,
9599,
68365,
43044,
40175,
4482,
56435,
23003,
20144,
55877,
42713,
1782,
62626,
16647,
70791,
47441,
29698,
46188,
48733,
30408,
55156,
57724,
57653,
6322,
9001,
8388,
10622,
35694,
13794,
56861,
6672,
51793,
31734,
43310,
35985,
69598,
76068,
50617,
58212,
75595,
8318,
42185,
5924,
47116,
43836,
77862,
54526,
59412,
1291,
76820,
16143,
32463,
37466,
47085,
18854,
25338,
9691,
75481,
71270,
5172,
57445,
67796,
29481,
12414,
49526,
28706,
57294,
43624,
43894,
24285,
9014,
56143,
72719,
57055,
39136,
44246,
10271,
37343,
25363,
71869,
15064,
76094,
39447,
72699,
38929,
67624,
3956,
17498,
65035,
76834,
56843,
16002,
72817,
21855,
2006,
35465,
65827,
49827,
49578,
47774,
31771,
53481,
20524,
42935,
41704,
13798,
55298,
76225,
58016,
42774,
30009,
30803,
28645,
53350,
24842,
34352,
34497,
1595,
13320,
68245,
75532,
33985,
39295,
21877,
48126,
76885,
698,
47547,
25901,
77285,
57954,
62837,
11479,
72786,
75556,
69796,
60387,
64446,
7216,
64640,
61334,
62371,
75290,
28965,
8285,
42729,
7648,
1591,
31456,
48501,
3028,
7147,
46180,
19686,
49607,
17006,
15114,
29841,
64102,
5954,
26749,
1195,
27972,
11630,
54964,
70689,
23430,
55978,
37347,
36779,
71788,
76239,
24092,
76433,
53501,
3674,
15011,
15978,
69020,
7130,
23669,
10335,
7495,
56834,
23250,
6592,
33704,
41761,
34527,
75084,
74985,
71624,
12203,
32078,
38621,
42868,
57691,
52841,
48830,
33709,
917,
30301,
7031,
17024,
48166,
23739,
37929,
5656,
24114,
28224,
12866,
46796,
58087,
16184,
16595,
2205,
3935,
23597,
13751,
19778,
69912,
16880,
36337,
49577,
36926,
22116,
23574,
49315,
51468,
1680,
48887,
20528,
44853,
34525,
37348,
35135,
76373,
51520,
36795,
19145,
7907,
42865,
76646,
59613,
71024,
25852,
52160,
11077,
47889,
3915,
43943,
50902,
54256,
51725,
2898,
36862,
6384,
23632,
36118,
18508,
30322,
36319,
63278,
41771,
52294,
66216,
39408,
22209,
14621,
37779,
27723,
18181,
37355,
66673,
14820,
59439,
63310,
77900,
357,
2294,
41492,
4523,
18456,
67529,
14757,
77383,
16962,
11553,
11179,
53784,
40594,
15349,
17003,
76143,
45673,
12114,
71466,
7509,
15277,
40924,
21836,
31360,
41515,
46354,
75148,
52179,
75720,
60027,
44467,
46374,
52169,
71126,
48459,
45920,
72767,
7919,
48107,
69569,
49931,
62901,
23509,
21782,
29440,
76639,
56516,
67704,
17262,
59106,
55144,
2161,
37580,
32243,
72670,
63290,
11262,
40161,
68627,
63900,
74335,
67447,
36467,
22173,
4167,
72796,
4048,
51778,
48200,
56791,
53835,
8370,
44069,
70145,
78094,
3884,
4440,
22991,
54925,
38899,
51960,
15402,
74048,
16708,
73705,
39591,
66915,
76079,
53809,
2714,
49118,
27779,
45530,
18745,
19579,
14420,
68590,
70193,
56677,
76237,
52540,
71767,
30310,
9504,
49516,
23639,
25645,
37350,
10727,
38329,
61634,
17855,
62944,
57595,
63827,
26229,
31530,
31599,
68314,
63323,
34404,
56061,
12260,
48706,
74692,
62793,
76356,
47121,
44747,
62744,
20091,
47010,
27696,
55221,
34103,
44534,
49804,
43142,
16001,
70990,
16041,
25027,
17257,
70043,
32957,
24014,
57388,
21240,
52906,
1565,
38750,
11973,
61632,
6470,
40981,
53326,
10975,
28512,
52601,
44695,
28175,
77019,
64007,
39227,
26497,
22673,
43162,
22981,
67165,
23196,
15343,
43701,
47984,
58434,
56079,
49228,
58685,
3473,
55572,
15096,
20784,
46411,
5741,
1686,
36450,
44350,
1808,
38793,
32968,
71633,
49641,
72889,
76428,
22280,
21330,
13447,
6203,
2707,
72971,
54770,
12802,
804,
69547,
61799,
70887,
54045,
53173,
38726,
35699,
72,
73236,
69288,
43182,
52767,
67489,
19166,
65596,
34133,
13984,
16502,
24184,
16194,
53226,
63228,
37564,
13174,
17609,
20941,
49199,
14286,
53084,
18646,
22048,
53315,
70339,
71367,
39371,
56546,
38975,
30953,
15891,
66142,
52751,
19265,
6471,
42845,
45132,
71320,
618,
16443,
17712,
22518,
62536,
48664,
62411,
39939,
18498,
36856,
62649,
29869,
638,
15159,
32104,
22507,
13514,
68732,
61670,
52102,
30724,
54740,
25024,
57882,
14803,
12298,
75896,
24940,
45503,
64387,
14180,
39069,
58193,
8020,
76939,
59873,
70216,
74924,
65147,
26556,
23329,
54073,
31611,
24473,
32049,
57279,
30340,
71391,
63008,
26844,
27969,
19698,
49481,
75757,
5918,
74184,
35820,
70888,
46531,
59058,
57900,
74949,
2476,
31985,
12181,
16231,
8691,
64141,
30543,
20363,
17456,
28354,
8821,
1779,
37255,
14950,
12824,
29336,
67553,
34265,
5789,
26803,
28143,
44397,
62106,
64355,
3671,
61182,
24425,
39728,
72009,
49760,
21916,
35767,
3970,
50109,
40958,
72835,
36435,
9198,
63972,
30245,
42818,
41674,
11082,
52267,
57765,
32576,
44623,
48392,
38483,
70717,
20444,
69349,
50731,
54385,
9895,
74673,
56650,
71531,
47025,
12254,
5017,
43953,
64633,
45758,
40946,
70222,
11168,
50321,
2930,
71080,
13655,
76704,
29734,
68455,
75386,
24822,
67727,
39542,
10089,
33859,
27743,
4160,
25141,
73250,
1184,
3842,
42283,
11173,
62053,
36954,
72762,
11976,
6376,
18429,
47414,
59657,
1624,
25825,
37501,
14342,
53813,
74875,
75708,
76717,
65447,
24100,
29642,
54622,
57750,
12800,
43152,
26371,
3998,
8775,
69473,
62493,
18397,
59301,
49317,
4042,
6631,
38746,
6009,
43076,
3831,
37268,
41668,
27584,
3480,
15174,
50164,
3676,
63441,
27629,
34993,
20640,
55224,
53080,
59378,
77579,
13587,
38966,
43449,
3911,
45778,
4428,
59847,
27514,
25365,
44733,
40429,
66671,
32844,
75415,
20329,
64234,
27983,
77125,
75366,
2070,
31056,
16854,
59782,
38658,
71327,
56509,
29241,
33114,
2623,
38528,
35889,
21739,
20421,
13723,
20774,
72379,
34759,
5148,
48583,
19518,
55800,
38349,
37199,
64921,
63884,
45937,
62007,
14846,
12817,
35950,
30148,
66482,
12257,
3632,
31946,
72790,
26516,
15251,
4833,
57953,
18416,
21137,
65025,
41935,
13427,
9310,
5032,
29459,
7606,
60609,
65847,
9847,
13625,
36343,
21253,
31155,
6265,
72623,
7684,
25540,
73704,
8979,
26972,
2225,
35920,
67764,
60799,
34884,
33870,
39629,
76411,
16425,
15523,
14009,
34287,
66406,
5353,
19266,
73331,
23573,
27030,
35010,
49545,
39739,
62636,
61327,
69380,
23784,
62781,
69837,
76961,
57061,
935,
891,
35178,
73698,
7877,
38779,
20020,
12853,
56596,
61280,
32721,
5616,
64400,
6195,
69032,
57771,
47097,
76434,
34850,
20804,
44497,
30000,
23691,
49694,
74432,
54203,
36636,
41346,
69592,
50531,
13413,
2870,
41004,
48999,
40873,
21188,
30619,
72587,
35983,
10039,
42776,
73169,
1991,
9445,
57436,
62818,
42057,
21588,
62875,
24991,
32081,
34618,
38462,
62364,
15457,
24442,
37167,
70197,
39611,
49630,
42496,
52208,
75933,
53613,
67700,
1047,
26726,
22177,
70244,
34418,
35454,
51805,
30071,
38874,
68801,
13064,
5550,
810,
67652,
23169,
57366,
50008,
58361,
56570,
62069,
38873,
41433,
57071,
58152,
41423,
36342,
45175,
67014,
42577,
24971,
76468,
5769,
55316,
60070,
76472,
2187,
21499,
4378,
69706,
70201,
62512,
14756,
303,
72329,
68217,
50324,
10387,
75305,
37376,
22470,
12151,
27071,
78070,
23498,
39524,
28955,
5066,
76093,
4283,
2334,
13293,
50504,
42078,
11963,
56820,
52223,
20239,
59935,
55544,
63920,
67471,
1101,
46742,
32845,
67303,
7716,
44323,
29308,
17837,
36058,
57588,
66872,
69075,
62495,
22984,
9563,
25091,
11613,
40360,
69916,
455,
22998,
16407,
76182,
25187,
27378,
50775,
25293,
24849,
20321,
76844,
35368,
5147,
12823,
63830,
959,
10279,
18384,
7248,
29899,
46529,
66939,
10397,
38064,
32475,
76200,
77274,
67466,
70513,
22326,
26241,
25341,
54518,
39378,
56316,
27685,
69628,
69527,
68849,
22336,
70112,
10779,
39964,
59235,
27771,
54475,
41818,
56140,
34302,
14648,
57429,
1012,
12247,
32691,
69737,
36651,
8014,
46879,
59877,
68532,
46489,
17223,
30209,
14266,
37356,
70492,
2775,
73008,
57356,
27618,
72414,
49234,
73633,
54111,
15006,
844,
67378,
5857,
33029,
43622,
24495,
15401,
27716,
43396,
44932,
64454,
80,
76926,
8694,
53965,
34608,
11284,
64851,
39443,
17605,
6266,
3852,
68064,
162,
59523,
49064,
31273,
59743,
2618,
65020,
10980,
10909,
19745,
49837,
10367,
54524,
38676,
13241,
64514,
12735,
70464,
36642,
76325,
40295,
31469,
10706,
19345,
49410,
59723,
37453,
9065,
53022,
35768,
17226,
30299,
61347,
51564,
70204,
13264,
36527,
59482,
143,
38885,
25056,
37411,
26956,
5701,
46865,
66814,
71522,
6024,
17860,
73431,
54064,
12550,
58148,
70974,
65023,
56352,
76560,
41217,
41607,
58052,
76290,
19416,
62997,
59976,
69422,
9301,
40168,
25830,
28246,
18324,
53993,
25851,
46179,
66304,
5501,
32672,
64949,
35523,
30631,
22149,
35692,
68127,
8272,
16506,
78179,
35524,
57997,
20506,
11490,
29373,
15958,
51973,
9521,
41474,
34429,
55833,
35552,
27631,
22442,
26897,
48006,
64788,
38647,
6531,
75765,
37468,
60127,
22802,
62132,
74103,
57606,
12900,
64492,
61811,
49957,
45811,
5482,
69359,
27127,
57417,
40128,
25318,
26577,
63209,
6960,
20672,
70073,
58788,
8638,
25748,
20584,
3386,
40952,
51558,
11068,
6098,
68926,
66967,
54075,
48811,
5581,
46298,
32459,
53122,
33518,
1811,
41055,
61559,
6344,
16090,
60259,
10545,
2436,
4613,
7878,
64897,
14128,
77689,
37102,
32334,
11264,
14318,
58078,
68286,
45008,
3779,
1392,
1898,
75376,
44248,
53235,
44626,
28521,
59846,
47911,
19373,
9825,
22750,
5818,
8785,
40422,
35687,
52025,
36241,
44912,
62335,
15344,
22344,
73959,
8467,
43952,
34400,
20409,
22513,
41816,
27400,
78291,
69025,
71803,
76227,
46225,
18412,
10207,
49266,
17969,
43073,
10113,
663,
50431,
607,
64524,
2928,
63623,
26034,
45464,
64195,
53323,
44325,
58074,
32171,
59121,
44619,
2090,
17535,
24431,
58554,
19593,
55412,
76496,
8582,
33660,
24964,
4686,
50978,
40121,
46337,
46753,
57376,
42894,
32222,
37588,
4578,
16528,
59120,
75605,
77455,
64865,
21585,
22940,
73510,
6773,
53360,
33285,
6338,
55075,
67036,
51101,
31292,
10385,
3885,
14684,
717,
38641,
50529,
21277,
49996,
8947,
70679,
68004,
70822,
35580,
74495,
35588,
20401,
44449,
12698,
70667,
67376,
74703,
56983,
66177,
41048,
74029,
28095,
51139,
51124,
54867,
35306,
21493,
61810,
40983,
1654,
60963,
50862,
6720,
68086,
40729,
48838,
42375,
60351,
23386,
44236,
15713,
17513,
33050,
49099,
65251,
50252,
39472,
41969,
47550,
14748,
72852,
48753,
66505,
8845,
66160,
21693,
78267,
62112,
17971,
76324,
19786,
30970,
16698,
8538,
26919,
39202,
70394,
60872,
68499,
50620,
73341,
7512,
48324,
69164,
46119,
61541,
7870,
2290,
64771,
44008,
11511,
48263,
17960,
66522,
8288,
75012,
30559,
3462,
52114,
26337,
23233,
17137,
71800,
41772,
71923,
59477,
30501,
39602,
52040,
37581,
62458,
56100,
36206,
2260,
72712,
70227,
23270,
64453,
73308,
57644,
76694,
13641,
36283,
46953,
52274,
73123,
40309,
10471,
73277,
73599,
17056,
58968,
45771,
7991,
41327,
38984,
5168,
49349,
71754,
51875,
3625,
69548,
5350,
20582,
66153,
61660,
20660,
12480,
7639,
26120,
42404,
33307,
30646,
119,
7604,
1425,
16223,
67415,
8492,
75455,
47888,
31141,
15886,
27111,
32656,
52322,
17739,
63304,
51259,
59070,
23856,
62102,
38197,
5568,
6993,
11048,
50012,
26490,
37131,
38630,
10042,
34679,
53829,
37914,
14596,
9272,
12328,
19675,
44924,
34038,
54227,
26162,
56305,
687,
28560,
1467,
13760,
26130,
31288,
39358,
2815,
2464,
18898,
59414,
37126,
77576,
76262,
49171,
15066,
43748,
31607,
54733,
71840,
36685,
29187,
13445,
35307,
27870,
13050,
36149,
23023,
22050,
7971,
15950,
51571,
44137,
17642,
63456,
50105,
26817,
52743,
45204,
639,
20639,
70634,
17305,
9411,
35721,
31082,
16392,
27011,
20628,
25148,
69680,
59279,
34129,
66695,
41259,
30725,
27442,
31858,
21578,
6763,
34514,
51526,
55960,
57260,
45252,
47294,
14238,
75671,
59958,
72333,
75723,
15024,
39558,
16899,
406,
64367,
72014,
57495,
33611,
35762,
37392,
16147,
59206,
30432,
51522,
27047,
46412,
78297,
1723,
73429,
15290,
22987,
66421,
46280,
10861,
3325,
72491,
11669,
72474,
32031,
55201,
15525,
48802,
31505,
21181,
45628,
32940,
60837,
44883,
59581,
44468,
32663,
40895,
11186,
8024,
70872,
62637,
36546,
49648,
30383,
10064,
60678,
5910,
52256,
9456,
72543,
768,
44455,
45788,
65858,
33221,
67876,
62858,
24909,
32713,
54355,
69957,
64835,
73829,
8339,
61105,
62728,
38444,
14822,
1129,
39363,
42746,
44602,
59889,
68319,
41478,
70670,
60635,
26845,
4518,
74057,
34898,
65448,
36839,
13212,
43496,
74060,
17820,
62676,
15991,
72356,
7933,
49531,
33240,
6285,
5262,
18770,
9732,
56802,
5040,
67262,
32908,
67019,
5215,
21780,
9292,
44132,
63281,
59860,
37636,
77064,
7824,
56887,
58908,
37758,
51451,
33014,
37212,
26242,
75459,
40127,
66359,
63172,
44997,
8267,
67010,
55880,
56807,
9105,
46855,
76621,
26251,
50268,
76444,
77545,
40277,
74041,
35560,
38720,
76568,
49914,
3131,
42269,
10079,
27671,
18491,
19924,
75717,
70610,
36071,
25455,
32316,
48048,
42582,
40324,
13309,
33528,
890,
74994,
63807,
61207,
28879,
56054,
22648,
73380,
34540,
20037,
34495,
44238,
64735,
55585,
13759,
38032,
62466,
3036,
77033,
44742,
1323,
2246,
54347,
11021,
56279,
35485,
9265,
51967,
8807,
63850,
18611,
77127,
42197,
37705,
37129,
60374,
55524,
44714,
53140,
54030,
48479,
77827,
31799,
33270,
64148,
46215,
14804,
44717,
31113,
78191,
14630,
38729,
10978,
48422,
40722,
37176,
77323,
45094,
48697,
13141,
74981,
68560,
48104,
39511,
9891,
912,
35442,
39554,
20945,
51166,
27119,
31522,
41983,
77281,
32934,
60923,
23065,
2991,
24642,
70174,
24883,
18945,
48220,
17606,
78114,
7373,
12542,
3289,
12290,
69481,
16065,
47061,
22672,
66681,
10045,
65061,
45027,
39828,
17177,
38856,
40617,
17975,
52056,
65886,
6302,
51037,
33448,
67849,
76365,
73569,
4577,
51590,
75241,
71331,
70529,
46285,
65422,
24096,
52978,
30202,
23616,
45951,
69674,
693,
67368,
43911,
48364,
44776,
3656,
21363,
33401,
9724,
39798,
33015,
67613,
15264,
15914,
53703,
62047,
59135,
28584,
64603,
66138,
35257,
77361,
38082,
72732,
18541,
37872,
50533,
51838,
23346,
64695,
11608,
62298,
38069,
29270,
26886,
69021,
4641,
46224,
53006,
41956,
45081,
68244,
53742,
32589,
43295,
28237,
60052,
5613,
61674,
73934,
25442,
36714,
39077,
42680,
49184,
43826,
28364,
61289,
70609,
6582,
68851,
69927,
36427,
44418,
57204,
31952,
76149,
42714,
1875,
35803,
59269,
34660,
48395,
4786,
5898,
60457,
68593,
67806,
21754,
55961,
4218,
21192,
70448,
51281,
17780,
18737,
46573,
48093,
60666,
60838,
45158,
30778,
15350,
53985,
74956,
42629,
58776,
42119,
69554,
16303,
56605,
64712,
62824,
68920,
5514,
15462,
45370,
7452,
69688,
73834,
63799,
21847,
7900,
14932,
10686,
29963,
61947,
7640,
32564,
71871,
41973,
34211,
24054,
42519,
49370,
6353,
20151,
66662,
53933,
58621,
33938,
6253,
19456,
17189,
29749,
6260,
6874,
62191,
10349,
64363,
34114,
10854,
55093,
52780,
32399,
72488,
41208,
75670,
51536,
59941,
21701,
22308,
72917,
61713,
48593,
46729,
76310,
44254,
56567,
72372,
65613,
6634,
41499,
33777,
23404,
35438,
41113,
72250,
44486,
20609,
55841,
33377,
32012,
41045,
56343,
56415,
56009,
71044,
29062,
24238,
53649,
8708,
7403,
53486,
75936,
47151,
14674,
76003,
69000,
9551,
40637,
34557,
56482,
18243,
43110,
25123,
10031,
60515,
41815,
34967,
42101,
56841,
58914,
19966,
71046,
55107,
75930,
61664,
35989,
33837,
3113,
37792,
125,
32797,
18082,
48188,
5851,
2233,
15648,
13554,
62594,
14122,
5432,
14113,
40069,
22890,
18183,
74071,
53785,
47178,
52673,
58929,
15267,
17215,
4676,
53630,
33953,
48974,
49179,
6154,
23586,
31384,
1466,
43805,
51853,
75125,
30072,
58369,
66081,
29074,
61171,
37727,
34694,
54105,
75189,
69926,
11637,
21752,
14402,
59898,
35867,
35911,
28496,
5161,
68308,
27144,
69888,
62515,
71966,
8646,
73151,
36281,
11134,
35529,
72446,
38415,
73470,
55795,
23861,
4058,
3641,
72941,
22342,
19516,
33197,
31200,
63408,
37151,
3528,
19385,
6843,
53581,
27921,
15056,
42153,
23163,
30268,
24380,
11924,
19351,
32415,
50350,
11500,
34755,
22966,
30688,
74493,
63144,
52756,
21787,
63025,
52064,
9055,
64526,
10027,
19248,
21393,
7231,
71074,
2615,
73937,
9142,
38926,
59753,
43938,
19626,
13100,
11245,
31583,
46415,
37821,
1284,
13115,
50684,
4504,
18160,
10994,
60564,
60256,
540,
58130,
64098,
57651,
48708,
21854,
46204,
11929,
55840,
67569,
6295,
41015,
50676,
8043,
35684,
61332,
13313,
19733,
11798,
57255,
29667,
43954,
20442,
54000,
75384,
17300,
15964,
30682,
10984,
20485,
51505,
59137,
65870,
4219,
45844,
61199,
65244,
44209,
68469,
70195,
64192,
70125,
41961,
69455,
14187,
66239,
6089,
51091,
26694,
39921,
40801,
8884,
70378,
4337,
46575,
47613,
69945,
10601,
61173,
20910,
54667,
50832,
42248,
66873,
36932,
53405,
56837,
18571,
39174,
17986,
10647,
6016,
39995,
70431,
69055,
27307,
61821,
16058,
28309,
46999,
23298,
52610,
67904,
26631,
54624,
30107,
24046,
38969,
5080,
312,
57909,
76988,
75272,
57431,
67377,
24535,
1558,
38922,
63695,
11324,
12066,
73514,
66430,
43053,
50263,
38153,
43144,
52651,
39075,
65220,
51770,
8591,
63315,
76226,
6346,
34593,
7175,
33278,
69968,
38481,
6739,
64816,
60060,
34459,
19958,
63158,
45312,
77665,
66846,
63336,
14230,
14662,
39584,
57365,
17400,
44769,
45128,
47569,
26686,
68823,
41926,
999,
31805,
14713,
34671,
23006,
25078,
19097,
49330,
18736,
3285,
67000,
12481,
37837,
40401,
64003,
69553,
12436,
20728,
10165,
10618,
54309,
72590,
34192,
69267,
45902,
46250,
12767,
74308,
51478,
31598,
55892,
65425,
62990,
45566,
7814,
73373,
56674,
3517,
73786,
35020,
73144,
37692,
48361,
11329,
19529,
25080,
43547,
62508,
27431,
47308,
38176,
36822,
66478,
51911,
63808,
12796,
33068,
28514,
64836,
1596,
20229,
47066,
23912,
47655,
67259,
70580,
10963,
61680,
33132,
66011,
31186,
48130,
39522,
32951,
62800,
55989,
3141,
48253,
56638,
63690,
76535,
45904,
42736,
77079,
8848,
3894,
44607,
21794,
52938,
3500,
69532,
34908,
60977,
33143,
6814,
3736,
58354,
61257,
34823,
2367,
62304,
35809,
64451,
32196,
68395,
13521,
14707,
21220,
59396,
31868,
25028,
57692,
78133,
37270,
8587,
24464,
73235,
24362,
78050,
15353,
19818,
11866,
1955,
14167,
42775,
13294,
69964,
21743,
55587,
73918,
36509,
33244,
13470,
9883,
77009,
30901,
34410,
77047,
36102,
76103,
8422,
41862,
10382,
61472,
27780,
33396,
60201,
77729,
73101,
10208,
71786,
2037,
18209,
58996,
46596,
47533,
33243,
71663,
76407,
46086,
23459,
42983,
39004,
39053,
43188,
60485,
77272,
6094,
54311,
5704,
62600,
17987,
58326,
36761,
66247,
6186,
18304,
71701,
22163,
20818,
32836,
35297,
33751,
71852,
10576,
18545,
25253,
28563,
35534,
41868,
20815,
10774,
36056,
12230,
33411,
3928,
46107,
47221,
56849,
77719,
7165,
18246,
38919,
38991,
51339,
3746,
67855,
40932,
74423,
40008,
22286,
10942,
33389,
8706,
28533,
40436,
19021,
22266,
44794,
20170,
69632,
25083,
30794,
6303,
9460,
77974,
39321,
25544,
64407,
20844,
58903,
37244,
3106,
67355,
28485,
65810,
62765,
16606,
26522,
19459,
74469,
66761,
47535,
5658,
6826,
9508,
30998,
19083,
45042,
62082,
23482,
63925,
76179,
10477,
27721,
21450,
6861,
7380,
66829,
36080,
33007,
24249,
19225,
24035,
43881,
46791,
62196,
54870,
5630,
52108,
10023,
62646,
4907,
34503,
12338,
12300,
14004,
41017,
77245,
67981,
27977,
64980,
28482,
24657,
23548,
46244,
6716,
43118,
14209,
69908,
62209,
76409,
72360,
27279,
10870,
23783,
33562,
77787,
60631,
12874,
44556,
70704,
72220,
14553,
25405,
3751,
43665,
75866,
35060,
74091,
36787,
16282,
77864,
26115,
994,
15265,
72374,
37110,
69722,
72750,
11722,
9008,
29651,
42456,
54547,
60244,
63426,
49253,
72608,
50352,
43213,
48809,
17822,
52297,
26559,
43095,
38512,
29701,
42862,
43298,
77474,
7337,
1411,
43002,
63333,
36548,
31268,
43717,
36804,
53693,
20117,
70459,
13073,
42563,
62062,
40405,
68704,
67754,
1053,
26664,
49117,
58169,
69372,
51352,
44208,
23678,
32743,
50212,
65723,
47409,
22170,
45492,
76984,
28764,
5765,
58970,
68950,
33407,
14177,
14666,
45879,
10410,
62018,
6676,
36763,
41311,
63640,
18774,
20877,
16884,
22261,
67007,
11002,
67171,
13231,
54715,
60479,
52563,
52570,
39796,
73462,
4796,
29852,
26532,
54757,
54877,
42296,
36469,
13881,
53473,
31588,
7262,
31142,
45521,
25683,
47924,
11151,
50249,
77183,
54267,
28292,
47026,
15744,
51744,
20904,
694,
37078,
4685,
28526,
38737,
15847,
32986,
36077,
43757,
53129,
43530,
14522,
13735,
2042,
24192,
50121,
39953,
23016,
8484,
46091,
10256,
33297,
46975,
72354,
75575,
25719,
64271,
52235,
13716,
73333,
28710,
65777,
48646,
67049,
5578,
38643,
38372,
34380,
8289,
7228,
52829,
27678,
67749,
20822,
56981,
8953,
4020,
78269,
24448,
29570,
31129,
3566,
27457,
12035,
24799,
45859,
36802,
1839,
72253,
44864,
11751,
49627,
47197,
22078,
69024,
20573,
13661,
63974,
18229,
60724,
55576,
49852,
9422,
23869,
73618,
48194,
57158,
57461,
25949,
20394,
59216,
77052,
57560,
70736,
53672,
23719,
60528,
1500,
49866,
11581,
68874,
10740,
60268,
63503,
33526,
5087,
23588,
38194,
35678,
8931,
72352,
32618,
29468,
48928,
50443,
70318,
22816,
42513,
28909,
11988,
3600,
67728,
49405,
22464,
48033,
28868,
64322,
53111,
44247,
3336,
71744,
11847,
54333,
36017,
9884,
1261,
20250,
46867,
2365,
58883,
27371,
8418,
51980,
54086,
76937,
40633,
54364,
77814,
11171,
27095,
75494,
7977,
58628,
1330,
7008,
1092,
77154,
1944,
6423,
34323,
6711,
5067,
49589,
2686,
21461,
57370,
73158,
64013,
15272,
53277,
27643,
5547,
39966,
66178,
14761,
28500,
21614,
25168,
69523,
18117,
52070,
13538,
56792,
70830,
50847,
12522,
33545,
25878,
28679,
28910,
75404,
23985,
43669,
61641,
61007,
15151,
65924,
27708,
40354,
47747,
32769,
75116,
3388,
12242,
60694,
11848,
18741,
55999,
56081,
27292,
45372,
18535,
48034,
13171,
46190,
7592,
53516,
3877,
31937,
3460,
48454,
7410,
40551,
41669,
13222,
73914,
17194,
73542,
37506,
11572,
65610,
76881,
54843,
301,
16585,
7879,
51833,
50145,
25464,
44911,
11043,
76161,
5022,
52376,
40559,
70652,
43818,
43296,
68690,
48456,
72325,
48321,
67814,
34920,
29600,
29779,
9417,
19428,
58025,
28492,
23767,
11795,
3244,
19667,
73975,
76792,
64200,
25818,
25333,
36134,
66640,
40051,
50904,
24123,
60695,
26429,
74537,
59667,
37120,
22371,
62472,
50591,
42958,
64821,
23199,
66595,
38485,
66002,
71677,
65167,
33767,
6916,
48626,
28472,
3243,
45104,
44092,
4966,
15912,
16292,
7600,
20390,
71909,
12933,
24751,
68316,
17331,
53924,
15014,
45206,
10003,
34640,
56890,
70608,
39545,
34225,
63160,
23004,
40451,
57820,
41504,
57742,
30733,
65869,
13485,
14946,
71953,
30609,
66118,
18931,
18810,
63273,
72841,
21720,
822,
1457,
48118,
30453,
44604,
52856,
44824,
19896,
5603,
60187,
41475,
36031,
40446,
63514,
66647,
63180,
27937,
32112,
31822,
5768,
4589,
49964,
1949,
56346,
22161,
8523,
23485,
22457,
54473,
33315,
52371,
25014,
6254,
45564,
10534,
9397,
66628,
77088,
26638,
6710,
45494,
21248,
65542,
12680,
9255,
73214,
27133,
73615,
28491,
2640,
27639,
64939,
11708,
27440,
127,
77207,
27848,
9074,
61306,
45327,
38654,
52987,
43169,
61348,
16809,
76144,
16914,
13415,
58384,
45419,
75000,
54482,
22668,
55874,
22571,
34925,
63769,
56548,
25642,
13664,
72596,
28023,
30812,
1263,
36,
75358,
54097,
17576,
11830,
66889,
7227,
64403,
70077,
25390,
71791,
72935,
44064,
29454,
36887,
10153,
36029,
57454,
71376,
71344,
58647,
75345,
62559,
45136,
45776,
45864,
51890,
7540,
6408,
62169,
36614,
38945,
61846,
51401,
52787,
70858,
12126,
35459,
14312,
5399,
47503,
25170,
48432,
21338,
1449,
63981,
34409,
25820,
31229,
6391,
48275,
5993,
51709,
42560,
71308,
39290,
9193,
67302,
43260,
55230,
47351,
70010,
53576,
2719,
1785,
74416,
18550,
32022,
9522,
32432,
63886,
32102,
32763,
38573,
67952,
10384,
22031,
8010,
42420,
24176,
3468,
32935,
72908,
39427,
32812,
66375,
33696,
45244,
34940,
23980,
37494,
9629,
73852,
64430,
54682,
71481,
31568,
32833,
17657,
30614,
24274,
34826,
37437,
63875,
34339,
73741,
14281,
58178,
64857,
49652,
50983,
60475,
37117,
38207,
66224,
15435,
30680,
19388,
65177,
50923,
15737,
13205,
8763,
29277,
59077,
11930,
54808,
2107,
7625,
56270,
25243,
42542,
14632,
60168,
15539,
32203,
14079,
7374,
34464,
62379,
17545,
75370,
47119,
75396,
53964,
75422,
45906,
53128,
14433,
57678,
60709,
38921,
67988,
18260,
40103,
66691,
61790,
64199,
35194,
15506,
59690,
78056,
913,
8945,
16011,
25760,
18444,
77144,
73600,
1390,
53095,
18460,
29478,
5686,
32601,
59048,
66712,
20050,
23291,
39628,
20410,
26985,
15529,
22577,
13084,
6849,
53566,
11158,
43256,
54871,
62572,
12789,
51268,
11205,
25528,
27579,
25453,
10605,
71699,
19535,
40216,
56357,
12388,
15739,
59904,
47430,
71638,
7005,
27050,
29265,
13250,
46142,
35609,
26104,
30813,
48798,
66019,
63854,
8482,
46386,
65860,
12526,
12459,
24450,
1642,
55070,
4679,
78232,
40708,
32502,
12513,
10091,
75830,
39771,
47357,
23948,
5504,
76131,
50517,
47124,
16673,
37248,
53098,
5959,
55106,
57534,
30579,
47623,
77120,
66321,
39920,
42551,
62017,
44333,
73319,
36205,
27580,
49987,
50573,
42565,
4450,
61625,
33117,
1366,
36087,
33072,
723,
77459,
57881,
57060,
33956,
14781,
44825,
46143,
40770,
21306,
72080,
31768,
33208,
57522,
17765,
56462,
78184,
3607,
14371,
17010,
49221,
50742,
44013,
58094,
59663,
75918,
34088,
20999,
63681,
3706,
61574,
24645,
53899,
17547,
57231,
70939,
74631,
11724,
58632,
11446,
61426,
49248,
9560,
19491,
29279,
5282,
27005,
9648,
20027,
4424,
15289,
68943,
75135,
47876,
4277,
47145,
56033,
31747,
18098,
38685,
73134,
41262,
38259,
62889,
2345,
62686,
9730,
34819,
38343,
57441,
63357,
31546,
31618,
72046,
60854,
65601,
52041,
17058,
67129,
69963,
48183,
71353,
44065,
51022,
33734,
15976,
62799,
23687,
51372,
42508,
39610,
22263,
11033,
42911,
5187,
16107,
17213,
69508,
45690,
78119,
3046,
31067,
44869,
63715,
16572,
1720,
59636,
20752,
69165,
26442,
69932,
31230,
10458,
43427,
55797,
47027,
43193,
25235,
17788,
30125,
54480,
74248,
38187,
27772,
33152,
32437,
16006,
20299,
34858,
43760,
72962,
31105,
30533,
7283,
36988,
43186,
52686,
57890,
65263,
66953,
67493,
41642,
33966,
68684,
72193,
14432,
43944,
10953,
54437,
72364,
962,
63376,
72195,
29069,
37316,
18175,
39025,
38632,
73005,
27564,
24999,
38948,
70982,
3916,
33239,
19444,
28077,
75176,
24979,
77340,
6868,
65380,
23508,
77085,
57523,
17455,
74265,
47105,
60601,
49223,
55506,
73967,
216,
16612,
77989,
5833,
56177,
9977,
14828,
3921,
65014,
59004,
25012,
11636,
25868,
75339,
68583,
74782,
72918,
21640,
24754,
21881,
74267,
72795,
35786,
60715,
57872,
61309,
76378,
4157,
3338,
23232,
53936,
11380,
5447,
3789,
10464,
62803,
42139,
45432,
64274,
50598,
3843,
22905,
27725,
63817,
70026,
56474,
51445,
24510,
1762,
67920,
23547,
50004,
75745,
48086,
53242,
26891,
62547,
70396,
18395,
49446,
73943,
54083,
21349,
75470,
635,
30707,
77749,
42002,
65713,
45858,
74271,
10794,
25531,
28888,
31784,
61398,
66041,
12217,
66499,
31383,
27819,
64027,
56078,
48331,
30167,
8322,
77898,
13543,
45292,
35891,
53037,
75159,
2848,
49800,
1223,
49254,
68650,
34753,
47542,
1143,
56347,
52791,
72880,
64656,
12538,
55669,
74492,
67025,
21340,
72807,
57404,
27200,
16938,
26563,
48099,
10631,
14157,
23662,
59186,
25061,
48832,
8667,
65495,
7514,
37624,
36169,
73249,
54244,
45970,
17584,
59603,
2360,
59353,
71882,
18557,
43787,
46267,
46172,
19218,
32774,
37803,
45078,
18097,
190,
25303,
20554,
2035,
39990,
76286,
18167,
53653,
48872,
24871,
77975,
68360,
41097,
10300,
28724,
74215,
75923,
36185,
54229,
55493,
44423,
66491,
59762,
9772,
18270,
57817,
26618,
10780,
23637,
22277,
11709,
42973,
41601,
75607,
58219,
23046,
50844,
49862,
52923,
37945,
39699,
4406,
66113,
50547,
11864,
77822,
16727,
45725,
53874,
26239,
22817,
37381,
29900,
55090,
77008,
41457,
60590,
4245,
23245,
65170,
18531,
48714,
60643,
778,
14971,
63957,
17514,
43691,
53102,
9423,
26630,
43098,
2950,
49442,
25029,
21211,
57134,
2085,
51927,
27913,
16808,
3984,
52286,
26524,
62225,
50469,
38431,
74464,
24636,
78022,
30928,
44239,
39571,
63334,
30179,
56281,
66804,
33040,
43148,
536,
16922,
69487,
73006,
47808,
13059,
19862,
57681,
3449,
44304,
76889,
65614,
4984,
39183,
69902,
53563,
13306,
53772,
53187,
8271,
53947,
70992,
47507,
44310,
19149,
77620,
2987,
62400,
22240,
33549,
21531,
13057,
47492,
41023,
42075,
59579,
5347,
53305,
73027,
64414,
34456,
25782,
64016,
40031,
37327,
13281,
60177,
50148,
56209,
69029,
23795,
31722,
63803,
1198,
39626,
49818,
70059,
59645,
48711,
72992,
22431,
45300,
76104,
66690,
59233,
26320,
49429,
55037,
58187,
76011,
24843,
20273,
51998,
41602,
27193,
9501,
58605,
70740,
50716,
30713,
18701,
345,
3204,
20780,
272,
31941,
48820,
46598,
29818,
54728,
53379,
27700,
33171,
9409,
54685,
49556,
72487,
47053,
24768,
74129,
563,
23932,
72181,
25069,
3658,
76193,
74301,
27888,
74457,
3136,
13781,
3260,
52140,
21793,
19700,
78097,
19564,
43236,
68572,
41893,
44386,
2695,
30640,
48876,
4784,
11579,
61500,
18956,
59448,
17985,
22781,
56876,
5102,
75693,
31258,
57425,
51238,
50560,
52990,
32428,
15309,
62352,
49573,
61601,
46992,
76555,
42570,
2102,
14290,
53595,
6559,
32979,
61471,
5556,
31646,
49139,
77248,
41721,
37628,
32667,
38495,
74904,
9194,
46591,
67164,
69693,
24002,
17590,
68998,
23832,
71352,
21082,
5149,
9506,
30378,
24357,
67245,
62245,
60451,
21284,
45249,
56950,
14830,
53953,
28215,
41278,
18177,
43417,
9995,
18949,
53749,
77315,
8464,
58974,
75110,
50686,
2765,
45796,
56540,
77740,
58817,
50992,
62308,
24248,
22227,
919,
77962,
16721,
16293,
68727,
47752,
5276,
42236,
73891,
14226,
39874,
76399,
70626,
16742,
22285,
77337,
1507,
68919,
27033,
67599,
22595,
60510,
29167,
5566,
20306,
4576,
53031,
25641,
56645,
71146,
22179,
76540,
31096,
54737,
2761,
22819,
76311,
24835,
66709,
2349,
39048,
54359,
77925,
58868,
15672,
77981,
53707,
54250,
4755,
25416,
55477,
22605,
44954,
20005,
72863,
51421,
26323,
6693,
33085,
13456,
6934,
11468,
24125,
56700,
50371,
45942,
20497,
16618,
48273,
20029,
47394,
3523,
47423,
31024,
28400,
54594,
48878,
54837,
24351,
28729,
17169,
3142,
43586,
66702,
14018,
36350,
58419,
72164,
34519,
51811,
23609,
35338,
19037,
5299,
53474,
26750,
35817,
32168,
12555,
2570,
14523,
54949,
27702,
41637,
77570,
26838,
5512,
23672,
57895,
57869,
70313,
71440,
13061,
19055,
4400,
65932,
15020,
57022,
39694,
72226,
35381,
28683,
21603,
39586,
77196,
51321,
52401,
63890,
70728,
22255,
65026,
70951,
57389,
19409,
11348,
26386,
33607,
4060,
9909,
5391,
54067,
6579,
46392,
63067,
19973,
14190,
18880,
15501,
49378,
52828,
46669,
71487,
68034,
58021,
59456,
32611,
48020,
68764,
5270,
62524,
55812,
49968,
57994,
16923,
41828,
72845,
67872,
21681,
55063,
73901,
69331,
33209,
15105,
60905,
46097,
39905,
73725,
61277,
21131,
57318,
12569,
29318,
62523,
55101,
77504,
48719,
50671,
60462,
17375,
18976,
42785,
69218,
9006,
38107,
75767,
73899,
70759,
50053,
72155,
4844,
60632,
58779,
388,
64288,
21478,
77139,
75970,
74200,
1318,
55702,
55568,
77725,
61303,
13952,
38131,
11176,
77825,
32535,
72178,
59431,
66728,
14806,
32796,
21673,
63342,
13905,
43809,
14860,
53740,
7657,
12086,
17412,
44145,
8434,
13832,
4655,
15250,
8049,
50886,
38923,
24152,
14461,
57710,
53172,
20665,
16870,
54546,
42150,
57631,
39734,
34865,
69519,
37293,
69094,
47543,
42074,
26081,
76632,
74520,
66784,
57385,
69224,
74552,
24309,
1566,
14437,
18702,
18157,
11720,
58655,
19747,
14045,
33691,
8692,
74509,
71611,
56556,
64756,
33842,
69152,
75233,
17147,
43363,
15918,
18606,
66738,
62531,
59710,
35249,
66371,
72869,
31250,
31401,
66462,
23362,
69841,
65966,
69635,
3902,
78146,
46113,
62356,
29741,
36391,
23374,
25023,
48718,
34201,
41211,
71555,
64359,
50128,
4795,
76758,
59468,
53733,
20990,
21805,
52440,
53619,
74151,
46256,
49972,
49939,
47463,
67023,
29418,
54789,
57969,
48023,
1745,
67494,
50042,
38092,
61385,
71554,
13586,
70548,
2451,
49324,
45533,
63775,
54838,
11340,
70186,
58901,
39258,
58077,
73159,
27663,
74885,
71412,
11222,
51948,
67135,
67874,
48930,
77354,
23463,
44050,
30816,
31793,
36289,
6633,
70008,
15972,
42651,
68672,
33185,
56971,
40876,
54778,
46798,
12963,
20279,
69106,
9024,
53868,
73438,
20122,
37456,
62321,
56602,
11305,
52528,
45723,
53991,
63295,
33629,
59546,
32849,
4248,
23044,
73887,
74566,
22898,
17885,
33887,
6952,
10324,
16264,
12189,
60885,
71787,
28298,
4661,
71503,
24610,
7662,
1304,
61113,
17804,
73393,
40172,
21539,
20740,
46842,
77668,
66310,
19758,
46819,
67221,
38152,
46200,
10890,
36929,
52968,
36710,
13913,
34658,
11034,
57163,
10955,
24655,
2213,
35279,
21724,
43539,
41114,
41390,
9728,
33156,
67946,
39161,
37363,
77996,
72401,
70407,
49617,
3342,
69951,
70003,
25366,
62955,
13529,
13373,
45033,
6466,
44390,
7787,
58297,
19014,
10159,
23728,
51301,
268,
56514,
41992,
47843,
70037,
24461,
48222,
49026,
48024,
56955,
64962,
22698,
16360,
15800,
31170,
45726,
39725,
35991,
3496,
71641,
66162,
52600,
21529,
901,
72754,
1357,
8746,
23159,
31494,
31189,
35921,
35611,
15736,
77480,
41389,
25121,
20810,
31156,
16801,
7428,
11816,
61757,
38875,
246,
36538,
13508,
25877,
7602,
30197,
7796,
67934,
40111,
25270,
39630,
61629,
71983,
20180,
53472,
59259,
1000,
64371,
31728,
30952,
29547,
21051,
66180,
67696,
38782,
35896,
61008,
39453,
66774,
31314,
17744,
58583,
73539,
21311,
56463,
44537,
57853,
77374,
76475,
45963,
58725,
16759,
76826,
75820,
75880,
44453,
54154,
28406,
21107,
55784,
7895,
62507,
42900,
60895,
25979,
40476,
4420,
29770,
65003,
9671,
2934,
65321,
52404,
34127,
11342,
68001,
43961,
76682,
38786,
45640,
39555,
64713,
26932,
49381,
13457,
60081,
77193,
60151,
53238,
39317,
39104,
9279,
40766,
66835,
9281,
21791,
48588,
69853,
6037,
43878,
26787,
58111,
75320,
71288,
75942,
26496,
22274,
7068,
46290,
58129,
9939,
58683,
57391,
45677,
42771,
32147,
2413,
77572,
38985,
33857,
57331,
58435,
29447,
5153,
46541,
77040,
66560,
4877,
53889,
34686,
54732,
2990,
24533,
56654,
57292,
27132,
56077,
56492,
75620,
61980,
48637,
70535,
7163,
17832,
14613,
50000,
26894,
20548,
32684,
33398,
37606,
71917,
22410,
60012,
43380,
57133,
40713,
70846,
3731,
61082,
16047,
54746,
17163,
7781,
25701,
52674,
40675,
72813,
594,
78225,
3577,
6918,
2668,
45714,
51433,
39092,
63312,
50940,
44569,
65809,
41384,
11146,
6873,
29484,
49659,
44378,
17417,
42618,
47078,
39189,
52007,
48179,
2646,
34633,
14105,
23222,
52466,
61775,
59749,
38898,
31431,
6003,
45743,
20802,
76550,
26493,
7193,
41991,
25826,
5182,
53856,
15242,
16012,
25832,
31803,
24126,
18902,
45096,
73269,
54015,
40217,
51488,
7920,
28367,
27138,
2871,
44098,
18086,
60223,
7985,
41012,
46495,
38974,
57240,
5331,
43048,
76786,
5285,
62441,
52305,
65974,
8510,
59037,
14793,
5012,
2957,
4754,
32333,
54035,
22651,
61481,
48303,
53588,
77413,
67939,
77491,
8107,
60760,
52989,
33729,
1170,
52433,
24467,
61163,
43314,
35862,
40659,
45382,
12663,
22568,
61920,
34277,
64752,
78178,
73337,
61110,
43683,
62128,
17713,
8032,
76709,
38224,
32188,
68543,
20749,
6543,
37489,
19156,
17042,
17372,
69342,
4545,
45005,
9420,
39850,
49743,
59028,
14466,
57584,
52260,
25937,
53441,
24004,
43752,
32927,
70948,
12621,
38842,
70810,
74797,
25221,
589,
1787,
73523,
39383,
45670,
55773,
76696,
58598,
75048,
62743,
18891,
45029,
44669,
70381,
18064,
30717,
36059,
47245,
32194,
16183,
57649,
71417,
46876,
61159,
62930,
18445,
21108,
23567,
74848,
38812,
44583,
44641,
7170,
20518,
49431,
74341,
74210,
47953,
25629,
35115,
59131,
74783,
43948,
45633,
18677,
28946,
42187,
20367,
73907,
72199,
45874,
7142,
14344,
12746,
11809,
51146,
35811,
7102,
67220,
35729,
39467,
33122,
15202,
60183,
19337,
13067,
2736,
57591,
48291,
184,
49007,
65334,
78054,
47932,
75020,
10495,
73627,
60175,
33204,
71637,
6418,
65236,
64175,
13650,
36401,
61321,
8080,
60307,
36445,
74879,
44341,
25119,
60660,
48448,
53980,
77004,
41648,
72355,
16251,
3913,
36192,
52762,
47131,
15740,
59027,
42822,
30161,
72998,
16299,
69140,
31121,
57135,
52918,
35614,
57535,
18213,
64408,
24763,
28972,
42377,
46962,
53114,
65252,
59013,
37761,
7641,
46830,
38690,
55424,
2996,
3115,
69173,
63237,
63201,
41286,
10007,
58689,
21651,
10723,
49347,
39041,
20873,
4808,
23540,
13697,
58010,
26434,
23877,
22228,
70159,
54942,
48012,
35262,
45681,
13792,
72088,
66337,
16375,
6534,
744,
68984,
14369,
30973,
69126,
6118,
6310,
75240,
43598,
64829,
19054,
25759,
34034,
26065,
42977,
9273,
22110,
64312,
51794,
5664,
73978,
75185,
68020,
76659,
34224,
58770,
2046,
76690,
71229,
24837,
62566,
44876,
27501,
44372,
28708,
18329,
35764,
38489,
25306,
69512,
70662,
36975,
71658,
66862,
1633,
57469,
71904,
71802,
35962,
54754,
58421,
9561,
43994,
52712,
6383,
21416,
4643,
33980,
5492,
48476,
20529,
72671,
74467,
4442,
41242,
59566,
43937,
64149,
43540,
38168,
31106,
13160,
10898,
56782,
67205,
7840,
27260,
38048,
17509,
21403,
41702,
51285,
77199,
72504,
42450,
76807,
28789,
12048,
58795,
34610,
12392,
11612,
47169,
16355,
72361,
57367,
48656,
60644,
9790,
795,
33991,
42152,
12105,
17352,
22706,
65593,
59804,
43168,
55567,
27333,
14474,
61342,
44334,
62229,
24413,
25404,
29585,
34113,
40101,
53738,
7033,
25682,
5625,
49121,
51355,
73768,
21429,
56226,
68080,
18692,
16211,
41502,
58518,
45059,
3412,
11570,
73064,
19674,
39975,
25950,
25064,
70837,
49990,
7711,
15336,
67926,
28187,
11956,
72702,
68715,
7636,
46371,
6119,
43645,
7295,
67404,
8928,
25798,
27571,
8439,
47321,
38237,
22195,
23689,
23862,
37855,
11473,
17155,
2493,
59245,
67061,
72075,
61982,
740,
19263,
9934,
72660,
68216,
4581,
32762,
19887,
10182,
40583,
57539,
69793,
37231,
31486,
49389,
69810,
4390,
52817,
63935,
43329,
33237,
26192,
62292,
57247,
36079,
65590,
55200,
73511,
40726,
18866,
54009,
17396,
25313,
1772,
22634,
30207,
6082,
33847,
35669,
4046,
61219,
67990,
75835,
69717,
57481,
67222,
22921,
34773,
20225,
70412,
1290,
1887,
74641,
71884,
74379,
34082,
70345,
22341,
32780,
42712,
40825,
73656,
65309,
50369,
44303,
57625,
17142,
6597,
48471,
49671,
15429,
40723,
42944,
49876,
71240,
59594,
18622,
31647,
57359,
71597,
58467,
75999,
11488,
68828,
19095,
29988,
40203,
76006,
43343,
41356,
60503,
63491,
76630,
20096,
35304,
8890,
11244,
1077,
7518,
27591,
21750,
1007,
58504,
64039,
40471,
57941,
62002,
53094,
9242,
18204,
52418,
61504,
32345,
67026,
76002,
58332,
8957,
4411,
24722,
20908,
28181,
52814,
11808,
40369,
43292,
28499,
24242,
41267,
43775,
66517,
63175,
5396,
6972,
44559,
73893,
10582,
56588,
51290,
71469,
35080,
29518,
13291,
61526,
20956,
18840,
12942,
72151,
1731,
65478,
15772,
10565,
2634,
59050,
1677,
39073,
29173,
20125,
10908,
37748,
62272,
5750,
14506,
64346,
74226,
33644,
46070,
11730,
34364,
69662,
889,
15063,
41190,
29122,
58837,
69198,
78002,
4291,
43085,
42909,
14250,
55422,
36478,
38571,
76039,
56652,
54108,
55228,
10568,
1033,
64208,
49283,
31830,
11172,
77670,
44593,
37419,
43549,
51736,
3086,
59161,
3747,
60003,
67888,
53792,
28412,
2031,
40213,
59464,
38817,
73920,
51067,
66950,
9116,
46460,
11069,
53747,
67056,
68796,
44147,
68907,
36974,
59129,
43323,
76529,
55780,
53491,
77435,
6761,
74568,
31441,
1863,
56336,
71963,
77393,
76348,
35019,
12469,
28777,
77709,
30845,
16620,
50771,
21194,
61696,
31565,
11649,
31595,
54175,
51103,
920,
68203,
22917,
67518,
1927,
70357,
40863,
55679,
64046,
66789,
52772,
37749,
74214,
74377,
72858,
28369,
39712,
71461,
42539,
2167,
50188,
18150,
39958,
58160,
62077,
54068,
62156,
44070,
67297,
67109,
9444,
72537,
28032,
26998,
46410,
24709,
63602,
39280,
27741,
37161,
19114,
72775,
59994,
17244,
73046,
28495,
11982,
73679,
39717,
75322,
1800,
30630,
59488,
8226,
3421,
29934,
43123,
12909,
13069,
39908,
35226,
39891,
34785,
3759,
8731,
3679,
69174,
22657,
38066,
13713,
56122,
3251,
14172,
72713,
72172,
71323,
35402,
14156,
28638,
18882,
52004,
16575,
25596,
21895,
78266,
41065,
25779,
21013,
76210,
2080,
23613,
11732,
42147,
45838,
19320,
7173,
37104,
48050,
63186,
33440,
4361,
55592,
30357,
67092,
56913,
39899,
63269,
50735,
37154,
7397,
23397,
18806,
74281,
37667,
27832,
10551,
67407,
56165,
4368,
52971,
65508,
65792,
53535,
61208,
10396,
48298,
77748,
38265,
44409,
41752,
63891,
18954,
15908,
17357,
72818,
49041,
29854,
3906,
13211,
76534,
65136,
25619,
26780,
4369,
53963,
44317,
3772,
4585,
51543,
18642,
61455,
53844,
66360,
66398,
34423,
10895,
36579,
22769,
8994,
63619,
31664,
43184,
30213,
10319,
13595,
35452,
14453,
40990,
26584,
21417,
24989,
47142,
24121,
6845,
70000,
67160,
64800,
62718,
4001,
24196,
15293,
36500,
46269,
71862,
8287,
25509,
7023,
20430,
46593,
3862,
72525,
13993,
38079,
77574,
52490,
10578,
12239,
27857,
59853,
62584,
30605,
70659,
19103,
52778,
74007,
75473,
66065,
26387,
3865,
57685,
18277,
65119,
75593,
68186,
73831,
37260,
23239,
26042,
66589,
1508,
57654,
8516,
59582,
70164,
15643,
44094,
4364,
4548,
1868,
55202,
55041,
249,
20755,
7568,
36334,
63615,
2306,
69658,
21623,
73263,
24950,
59221,
17886,
53797,
21406,
71961,
45273,
6603,
68693,
22350,
28503,
76187,
12588,
40626,
13284,
68751,
75194,
32162,
36982,
59064,
9598,
63196,
62618,
55350,
59586,
56975,
547,
75555,
4596,
11408,
50496,
46690,
5981,
36107,
36154,
20081,
40898,
12718,
27837,
41911,
28199,
39642,
10118,
10911,
27097,
35112,
39496,
6506,
13425,
39332,
24560,
56112,
47136,
39737,
69466,
62564,
41694,
52468,
15942,
50981,
59707,
17900,
63620,
78104,
24069,
59012,
13680,
69397,
242,
20244,
64574,
39968,
50437,
28958,
14500,
34735,
65714,
64166,
37594,
41746,
78195,
19696,
56934,
22586,
30871,
69977,
23806,
53313,
42391,
19540,
33843,
53492,
35397,
25272,
53435,
75296,
61482,
8001,
68510,
70232,
7296,
77057,
4007,
61415,
40908,
4830,
2824,
1732,
65343,
26859,
32827,
43209,
50770,
38317,
76028,
5018,
33762,
15170,
26139,
34446,
77351,
9745,
28437,
15069,
57877,
50741,
67834,
25679,
50041,
76031,
27265,
10094,
29306,
52566,
42435,
32570,
14614,
19087,
36363,
69739,
68733,
12487,
66039,
37585,
57885,
44158,
49110,
4134,
9211,
1059,
39396,
68738,
56011,
11807,
15842,
44131,
3611,
63885,
44017,
69163,
57795,
31592,
63083,
68595,
4580,
10697,
9054,
25276,
73598,
24615,
15899,
18230,
30120,
59209,
58596,
63718,
60851,
23822,
49967,
4325,
71350,
16942,
54337,
63525,
72141,
8400,
35612,
28840,
22814,
19970,
52059,
5141,
16785,
48169,
40107,
4189,
54533,
14537,
13691,
22112,
19272,
69480,
18453,
40431,
69970,
28299,
51107,
71286,
33342,
38395,
13894,
33362,
19038,
52163,
41011,
25133,
29635,
24453,
26644,
3110,
78118,
63039,
50780,
75679,
23085,
13708,
57996,
35679,
51207,
37863,
51896,
294,
5269,
74351,
46015,
22397,
35429,
72212,
22153,
71490,
20047,
39845,
71443,
25476,
37332,
76111,
382,
8976,
60744,
28750,
24939,
52900,
29276,
54137,
22131,
43621,
20141,
53392,
73343,
55655,
61388,
34482,
55918,
201,
73670,
5029,
66093,
40795,
71194,
50679,
32698,
20842,
380,
76497,
44059,
23849,
27595,
19645,
74513,
29083,
7857,
38219,
19101,
31276,
21657,
13659,
72721,
45389,
71996,
9218,
62345,
30399,
40857,
34754,
56428,
50429,
74858,
66193,
59785,
8626,
4075,
14582,
28333,
13996,
33877,
77431,
27421,
20616,
56258,
66204,
7732,
6518,
5942,
71649,
344,
2972,
27092,
73488,
5757,
51665,
16162,
57460,
18208,
69602,
42986,
4470,
17327,
3011,
43998,
19076,
68744,
25514,
28112,
42335,
20254,
11706,
20653,
65624,
9317,
13140,
43239,
27458,
33484,
48774,
925,
43446,
77890,
19411,
27160,
15163,
30565,
55306,
55092,
16463,
24986,
4670,
75616,
29611,
46971,
28506,
38719,
23569,
30476,
74708,
27673,
21270,
1543,
12113,
60047,
13409,
69308,
31022,
5183,
42406,
63110,
63675,
32861,
34532,
61847,
38853,
55527,
47261,
47916,
48794,
52777,
73492,
42202,
77505,
30959,
3239,
69517,
69723,
55097,
3756,
78244,
49463,
12256,
47567,
28720,
52684,
21641,
47241,
47367,
45911,
60034,
16428,
54753,
49709,
68589,
76880,
11779,
69825,
21384,
12683,
19457,
71018,
16889,
77381,
52156,
13949,
21674,
46294,
47118,
73173,
27508,
47074,
8966,
60786,
27448,
67919,
2135,
27670,
41132,
52917,
72051,
51462,
41807,
16694,
55783,
62540,
1116,
78166,
25821,
53433,
63661,
25703,
25881,
16057,
71226,
53893,
61747,
64393,
59182,
5800,
77012,
37682,
31787,
13012,
63797,
9552,
71763,
2440,
23166,
46683,
54933,
18913,
51817,
11292,
52130,
60778,
66115,
17586,
34075,
19741,
32543,
6600,
27227,
72632,
27961,
61509,
29047,
10836,
54661,
65362,
530,
67231,
73136,
51353,
57967,
58713,
25458,
37069,
50320,
28682,
67209,
43316,
71577,
38631,
16332,
12130,
72377,
4255,
73804,
13455,
35787,
24626,
29691,
39354,
43773,
57017,
50367,
40738,
47284,
29435,
66518,
21576,
10767,
3177,
73399,
19955,
39176,
62624,
62931,
67632,
22809,
39089,
45953,
54596,
75168,
30149,
4674,
1470,
15756,
70953,
30442,
57188,
8619,
58534,
1609,
49222,
66579,
52429,
30521,
3639,
22803,
77619,
15443,
61364,
63581,
9354,
67673,
13987,
62903,
46032,
39485,
4289,
39917,
45674,
11750,
64852,
35223,
56727,
50669,
40696,
27114,
3377,
33580,
71623,
58466,
64697,
75454,
28435,
19326,
72412,
40290,
3315,
22741,
11994,
70923,
44594,
71943,
30078,
62443,
14051,
124,
12818,
46067,
39744,
40119,
35354,
51517,
74941,
31684,
36421,
67393,
22751,
1681,
47458,
51628,
71578,
36959,
39359,
35463,
2833,
7758,
1197,
21725,
29427,
24166,
19366,
51140,
55629,
54235,
47304,
5434,
40936,
41918,
13653,
61714,
15656,
8574,
70901,
73902,
57779,
30751,
62021,
35659,
13016,
70509,
7733,
69761,
9990,
63173,
2911,
78077,
77461,
63429,
31553,
49857,
74497,
26688,
62138,
2315,
65515,
77209,
53428,
65470,
47681,
69689,
31818,
9683,
62883,
67873,
66254,
4714,
29012,
36650,
5290,
33158,
26485,
62468,
4035,
49766,
34687,
24203,
69733,
21924,
70978,
46257,
28001,
47687,
71595,
23792,
47413,
38311,
34308,
4789,
77874,
20559,
22690,
23131,
67298,
14365,
33496,
47983,
25794,
4530,
26408,
17172,
42209,
15152,
10615,
32731,
51649,
68057,
69170,
45661,
7438,
63564,
57228,
11049,
64837,
44446,
40919,
52439,
72649,
63912,
11193,
8330,
13940,
19611,
35482,
27289,
25987,
67623,
70627,
187,
41036,
12721,
37085,
478,
37286,
64749,
61229,
7737,
22191,
16545,
13359,
53321,
33968,
32855,
27105,
51855,
18106,
35105,
77322,
73109,
54636,
38574,
1051,
59637,
12713,
20135,
5872,
45137,
65411,
63753,
14901,
43618,
66137,
54184,
10801,
73203,
45209,
44878,
3654,
64945,
38117,
65164,
32417,
45871,
35388,
15166,
20188,
39150,
65920,
66637,
71454,
51954,
35566,
13220,
7067,
92,
74937,
18198,
57561,
21073,
25111,
54780,
43244,
9960,
64705,
76358,
14052,
61891,
54428,
34217,
77263,
56273,
12707,
72954,
67380,
76636,
40590,
51602,
4165,
5339,
28815,
66389,
67844,
47781,
42014,
44198,
56198,
6047,
75754,
14231,
34705,
24920,
1301,
37884,
59691,
50466,
31506,
50338,
59263,
30920,
6853,
7557,
56249,
64468,
52341,
8261,
45064,
11887,
58629,
46242,
12142,
44420,
16250,
73822,
13817,
54432,
71831,
43415,
20811,
39139,
6544,
27770,
50612,
73222,
35311,
13138,
64655,
45647,
55612,
8964,
60055,
14013,
40269,
46472,
64899,
60687,
30642,
69753,
11163,
30790,
36774,
20759,
6892,
66868,
55890,
52415,
40262,
41743,
5545,
46800,
23460,
62134,
17066,
24848,
8460,
55376,
46848,
42157,
77306,
61319,
35789,
24691,
71907,
13049,
32325,
62332,
37228,
45195,
37809,
6760,
22382,
28907,
1814,
76369,
13906,
74136,
21138,
57273,
30912,
26458,
39576,
42242,
16505,
32234,
29209,
65955,
19451,
45306,
10722,
66938,
78073,
24997,
31786,
51541,
15324,
27787,
19291,
50930,
24098,
45898,
46227,
45738,
28341,
34810,
55815,
43603,
36619,
43266,
53673,
59609,
25063,
74648,
46164,
22312,
25268,
29214,
40526,
24302,
34513,
34321,
2201,
22392,
18003,
41846,
66265,
15194,
52255,
15788,
61437,
31571,
42138,
70103,
18365,
18408,
22503,
58112,
25261,
27249,
41749,
1506,
9328,
59777,
48957,
15414,
39288,
30987,
46518,
15983,
10067,
41206,
49300,
3975,
40052,
50519,
37644,
20124,
44701,
70879,
14988,
43050,
73760,
21139,
15953,
58018,
44750,
8313,
71177,
23066,
18656,
15651,
23433,
68435,
59953,
25649,
32785,
18425,
33764,
69355,
10592,
47918,
50348,
68483,
63878,
14872,
53125,
64790,
21475,
16836,
41517,
58063,
5880,
7629,
47086,
68104,
37351,
25421,
62440,
4926,
33786,
42678,
1741,
58835,
18551,
31046,
36164,
60346,
14725,
39977,
35382,
58170,
30709,
35098,
67600,
75349,
64610,
13453,
77217,
31510,
1813,
27747,
42297,
16853,
25538,
2021,
14146,
25475,
3695,
76312,
25593,
11540,
59375,
28567,
52180,
69497,
69541,
68787,
72265,
68266,
49264,
26397,
55994,
38662,
489,
2944,
38554,
42220,
10402,
54931,
73452,
54912,
8100,
59467,
22066,
42114,
76647,
3805,
60892,
428,
55779,
17929,
58243,
63400,
19929,
32195,
2060,
65371,
19234,
40543,
71451,
31290,
4501,
27722,
24549,
34193,
5734,
27316,
67628,
34493,
22184,
22796,
59485,
44293,
42599,
66312,
61318,
1824,
1461,
32464,
71502,
30835,
46053,
9644,
27341,
18158,
9738,
32962,
34718,
14378,
72643,
34862,
77982,
31785,
9956,
34246,
19497,
49051,
24869,
18002,
2358,
67709,
15721,
58959,
38498,
57433,
32930,
46076,
19127,
29592,
14306,
63825,
28829,
36906,
33560,
35424,
54922,
16589,
43867,
38663,
18936,
19192,
48663,
16351,
18091,
25190,
75831,
24316,
28066,
65339,
71273,
46647,
45330,
16608,
69156,
5712,
7740,
39587,
51686,
27749,
23972,
67127,
30104,
10985,
28236,
68829,
8448,
13134,
67945,
7112,
50762,
43471,
78237,
37684,
28523,
44644,
50402,
63257,
74461,
68098,
28258,
77375,
50952,
73716,
74056,
37207,
66742,
64235,
14745,
46479,
39867,
42155,
42913,
4579,
35074,
51434,
56217,
17409,
64143,
78287,
36064,
20196,
5640,
49598,
49086,
13444,
18503,
36928,
5721,
74499,
34851,
27121,
30950,
8661,
16905,
21940,
32397,
40541,
14015,
26111,
39157,
34395,
12512,
77525,
7982,
36240,
68713,
18253,
573,
17916,
14333,
6817,
16064,
68386,
62456,
34135,
34912,
1141,
43910,
30522,
11229,
75070,
3097,
67881,
44759,
62277,
22714,
67347,
9288,
61748,
38826,
27182,
3394,
42376,
43187,
29937,
71441,
64433,
55099,
61989,
29474,
21168,
48449,
32036,
27355,
63702,
69836,
42574,
2955,
55285,
50837,
32859,
27337,
31103,
40840,
72139,
41667,
10882,
49247,
49660,
31045,
69432,
35181,
9904,
6581,
76876,
40222,
76623,
25402,
68758,
25708,
38980,
40509,
52826,
36902,
6208,
17250,
8242,
21039,
73642,
21072,
33951,
12975,
75531,
73443,
55299,
15298,
296,
24524,
66435,
14204,
15585,
20918,
19524,
13577,
77503,
62712,
5314,
13815,
64527,
62922,
75134,
72542,
34818,
7155,
20949,
5496,
5835,
27640,
175,
12672,
4758,
36818,
46840,
14773,
39567,
56521,
78183,
61315,
32716,
42345,
36105,
63424,
39052,
6286,
49927,
51826,
30551,
68847,
52477,
75222,
5941,
399,
4854,
58257,
68862,
56660,
24595,
9496,
74800,
704,
64162,
10624,
5204,
67134,
45253,
29380,
40376,
17069,
77772,
67565,
9165,
22754,
69828,
30486,
45296,
49270,
54859,
43629,
36857,
48596,
39007,
48138,
2370,
67546,
56991,
74275,
41917,
67484,
48091,
42581,
58826,
28600,
48374,
35383,
41904,
46461,
5263,
69332,
29166,
47970,
63589,
44739,
14883,
8663,
52515,
44034,
3176,
56190,
5217,
41518,
40061,
74097,
47403,
36047,
77758,
11762,
51600,
45863,
50989,
52955,
22640,
67153,
14011,
73962,
62788,
52442,
66644,
23094,
8283,
16265,
62742,
10114,
64497,
50712,
72123,
37061,
50611,
66995,
32159,
71892,
39119,
33965,
54828,
14577,
33226,
55270,
45936,
25113,
37813,
11156,
31534,
76184,
54573,
42388,
32819,
19559,
16978,
66688,
37956,
29679,
53445,
67310,
15924,
3583,
12251,
58280,
30892,
76410,
77852,
6330,
38263,
52182,
60839,
45188,
69483,
69899,
12184,
75065,
20303,
10486,
42682,
64890,
58588,
57087,
17278,
74036,
456,
41010,
23740,
70983,
71621,
38270,
73878,
23576,
40307,
2792,
25500,
70353,
43831,
73961,
37108,
27220,
48074,
37724,
44710,
28425,
39194,
13565,
27886,
41462,
1035,
43134,
10498,
58506,
57303,
44685,
30650,
33175,
15404,
69609,
62842,
55346,
71100,
2072,
48271,
46762,
23081,
29699,
35901,
56584,
35480,
4209,
7673,
75149,
65885,
15234,
36063,
10016,
62336,
44388,
46554,
63760,
68834,
7038,
17966,
62035,
32809,
40660,
17702,
45807,
18464,
41552,
62908,
7957,
30282,
45495,
44169,
62246,
69759,
36010,
76779,
38376,
43017,
25884,
20748,
73570,
64440,
32221,
38497,
34928,
46735,
32539,
69043,
36348,
39753,
69886,
26773,
58582,
27582,
27622,
57299,
35024,
11941,
78081,
4076,
13692,
60240,
51178,
9720,
42312,
34116,
26279,
41016,
51069,
5956,
12990,
76532,
9134,
36406,
19751,
30306,
67085,
21549,
2818,
21747,
71608,
41641,
71824,
77015,
20317,
27045,
12457,
16648,
7855,
26203,
15046,
23787,
36980,
68671,
5322,
74747,
4648,
11624,
25400,
27101,
40789,
25976,
58286,
74886,
24930,
14256,
5926,
71455,
61929,
27958,
15831,
67902,
62239,
24197,
65871,
59728,
73530,
2602,
45154,
70598,
52796,
27239,
63852,
54492,
68768,
13054,
33745,
66223,
42324,
43439,
75004,
17273,
3499,
33,
71807,
5759,
9490,
71138,
22140,
52123,
33541,
11842,
22123,
16322,
72780,
16976,
63322,
62161,
35190,
16242,
43732,
33366,
15126,
24899,
8351,
4524,
61429,
12855,
55932,
17398,
29955,
74230,
70789,
66777,
48603,
50744,
36837,
52795,
71303,
12695,
30982,
61453,
18174,
14558,
16772,
74939,
73155,
35682,
72496,
58569,
54407,
8553,
18180,
33022,
64757,
11619,
75675,
33409,
422,
57013,
36968,
3261,
77833,
36117,
28275,
27190,
19910,
61006,
44730,
41849,
60036,
48780,
53043,
50122,
8099,
31817,
62828,
34782,
64389,
60603,
15409,
42316,
16858,
9053,
41250,
36726,
55137,
56523,
59905,
19380,
3888,
60393,
67531,
43166,
41827,
69999,
15846,
78115,
16338,
67665,
23251,
66464,
60327,
28124,
55015,
76514,
8720,
29958,
34685,
34545,
74365,
65855,
64084,
7655,
61491,
5557,
63883,
14144,
25439,
31698,
72064,
8545,
14428,
74545,
32766,
24808,
27156,
26095,
78103,
68488,
48713,
68934,
75268,
16718,
9726,
32708,
44347,
47601,
64838,
34659,
9143,
11153,
20927,
53075,
31254,
52782,
15638,
48,
52697,
40554,
9221,
13613,
40679,
52393,
8144,
33679,
68228,
60030,
21036,
33568,
17610,
73932,
43602,
45693,
78231,
49925,
71347,
20893,
12063,
42428,
71642,
65669,
60340,
15779,
39459,
57510,
12584,
58420,
61009,
3457,
75490,
40961,
34838,
74295,
76999,
6427,
34014,
61647,
46299,
56818,
23198,
36291,
16659,
69601,
8790,
26888,
14951,
57999,
71447,
9517,
40846,
42486,
59759,
17533,
23895,
77143,
53439,
11375,
25470,
39097,
19684,
60312,
12225,
55461,
62608,
63759,
54813,
29483,
73294,
72156,
39889,
58966,
72397,
63413,
26098,
12179,
10928,
17062,
15169,
22381,
24292,
13824,
63050,
52517,
56026,
37934,
5073,
13475,
8277,
38721,
24670,
77104,
51903,
19710,
47361,
12329,
18813,
61912,
26284,
11265,
26357,
45601,
44799,
57951,
48827,
16224,
66736,
35660,
9554,
2581,
40627,
8171,
25792,
53406,
55965,
57049,
30990,
78039,
74236,
6970,
42046,
19223,
51168,
13610,
47429,
28078,
31691,
47814,
27659,
71573,
42090,
41458,
73750,
47685,
15026,
11415,
67338,
32605,
56038,
58043,
19562,
34529,
54880,
16557,
16044,
55091,
26537,
55762,
40398,
51941,
18800,
55375,
46602,
71009,
40968,
63788,
18524,
42005,
8571,
24255,
14562,
43557,
2328,
75267,
15476,
27120,
19509,
29065,
51800,
42344,
58845,
25880,
7399,
19391,
68805,
16901,
75626,
53375,
38925,
17434,
42317,
7550,
66908,
48931,
58001,
35744,
42898,
30588,
28700,
70566,
43529,
33721,
13147,
12602,
54742,
3407,
2389,
35213,
9998,
53787,
18211,
74962,
33979,
15509,
64484,
37965,
44385,
58125,
69195,
41688,
46293,
71200,
77142,
65330,
29103,
15722,
74739,
70925,
68054,
3858,
31321,
34968,
56515,
4429,
48299,
57309,
37659,
66060,
13227,
65603,
70095,
21154,
25369,
14569,
36256,
72259,
72865,
3657,
73029,
17007,
1671,
63040,
3782,
9650,
37094,
63749,
38956,
10932,
17934,
10315,
31122,
12843,
26552,
67956,
57154,
67343,
25530,
44925,
63845,
49242,
59760,
17049,
6481,
78260,
50408,
48078,
62804,
40152,
6501,
14873,
20618,
24781,
3463,
40256,
10598,
24556,
35042,
17840,
52997,
68447,
7881,
36379,
68147,
10111,
28016,
13303,
57217,
57462,
62981,
35932,
69013,
58119,
26319,
64747,
15259,
76574,
38465,
55818,
8812,
21048,
27481,
40027,
13851,
45035,
73320,
15933,
9667,
54921,
75193,
72929,
27839,
44265,
39256,
51723,
63806,
51621,
68695,
4468,
68164,
73392,
32157,
60602,
47346,
31644,
12846,
29051,
50196,
41520,
24894,
19356,
73449,
6943,
68136,
33603,
34958,
62996,
23327,
14377,
73708,
32651,
61077,
11678,
44393,
32146,
73276,
65905,
8507,
56216,
38579,
54260,
24419,
16892,
31447,
35898,
48337,
10100,
33578,
22887,
62270,
43241,
37066,
1020,
43463,
40837,
70821,
6862,
38230,
73557,
38227,
32014,
16380,
69079,
7088,
9763,
17652,
35317,
69230,
24139,
14247,
52249,
30665,
45368,
41420,
41440,
42437,
3395,
47675,
36236,
10842,
67504,
58261,
1956,
40529,
75943,
77485,
58453,
77765,
11418,
10110,
27489,
31223,
32293,
31498,
48894,
8375,
43862,
51407,
38301,
1098,
56571,
77699,
43960,
68500,
805,
38254,
73690,
69817,
58579,
59544,
4924,
74993,
28845,
56349,
6975,
73607,
31819,
61683,
66934,
39904,
63696,
73730,
67242,
72589,
45622,
41791,
60993,
73219,
18128,
24525,
69296,
41703,
676,
13208,
34511,
43681,
78035,
51641,
17158,
37791,
9872,
22510,
22258,
40166,
76175,
69161,
45597,
6368,
10597,
73767,
42858,
57782,
848,
33935,
38205,
19086,
50418,
42424,
61076,
40348,
21736,
38367,
64493,
49520,
55349,
20775,
26732,
13168,
54348,
13537,
5001,
30767,
37551,
75990,
68792,
20459,
9649,
7852,
56918,
22961,
15803,
23867,
69326,
38135,
33260,
42008,
76812,
1828,
4623,
55744,
48083,
28265,
10807,
65213,
63472,
45181,
28979,
38778,
54239,
23240,
48427,
7970,
5784,
39914,
41661,
32192,
15550,
30231,
55659,
31391,
57259,
73311,
41748,
36131,
23380,
39260,
41811,
45223,
2610,
60448,
75156,
54224,
6011,
15645,
7798,
77249,
40284,
15586,
60690,
65288,
10548,
9910,
3079,
3360,
40156,
34792,
69064,
68737,
75501,
525,
60083,
19412,
13870,
13472,
37525,
53900,
30175,
76557,
24008,
56312,
32591,
41001,
36880,
31773,
12857,
34370,
64178,
53854,
3292,
60840,
18974,
38033,
29697,
12397,
13143,
51223,
50555,
20222,
33163,
70432,
48062,
64474,
3853,
31882,
11235,
25250,
65284,
2309,
43652,
30459,
71112,
40368,
16482,
56001,
66493,
75242,
57195,
22828,
77352,
70907,
32096,
30775,
13588,
54054,
20829,
71821,
25326,
38134,
68405,
62005,
66244,
52789,
63001,
29928,
28759,
73284,
49657,
73634,
49534,
41122,
16593,
10492,
26794,
21003,
51033,
19068,
73979,
62588,
7845,
34361,
23388,
65814,
7875,
52850,
31233,
28206,
21892,
25527,
40886,
19259,
52694,
71777,
62647,
33508,
63755,
73076,
58308,
42276,
61666,
25813,
17559,
5188,
70732,
64078,
8399,
41319,
77089,
69730,
73196,
21868,
10434,
18108,
58824,
74069,
22218,
66335,
14808,
4269,
25146,
782,
61749,
32736,
16361,
31890,
66783,
40365,
65216,
42499,
58745,
77189,
9727,
291,
62051,
53551,
70954,
59549,
23531,
44220,
41941,
66253,
38300,
62741,
53431,
43513,
40564,
14961,
39421,
22500,
25132,
67499,
40586,
14827,
72630,
33904,
50825,
71590,
34712,
64280,
22248,
69660,
51796,
32559,
77973,
47292,
53628,
26169,
67346,
36032,
67804,
33594,
5969,
23300,
20086,
50118,
36126,
17912,
6181,
10419,
26875,
61408,
16598,
48742,
74623,
78110,
66613,
20315,
67426,
29025,
17474,
21501,
21946,
54048,
42811,
25775,
27015,
61200,
9278,
11315,
993,
7715,
24180,
38094,
61859,
20997,
66861,
64887,
52616,
40088,
75536,
53373,
1166,
76896,
4551,
21661,
30846,
53229,
36202,
54510,
51456,
73180,
64445,
50894,
776,
14196,
18884,
28674,
67550,
70167,
43243,
24948,
9164,
34873,
77519,
24954,
33919,
71867,
61075,
2433,
63743,
2038,
18973,
44942,
76862,
63999,
74011,
64350,
45173,
65865,
75488,
5054,
28635,
66140,
43284,
45451,
11241,
10299,
5237,
75932,
19458,
43229,
76495,
48619,
1661,
70828,
14645,
14576,
59241,
47703,
28587,
12913,
30196,
54109,
75946,
6129,
68179,
27805,
59382,
29248,
66526,
6283,
56566,
64764,
28335,
76936,
14380,
6296,
60532,
53341,
1821,
27774,
73793,
44770,
9547,
32262,
9983,
34570,
77714,
58783,
74992,
30742,
24101,
58441,
75580,
62381,
18618,
38154,
58777,
67020,
39114,
57051,
54374,
3717,
51316,
5527,
64763,
48707,
54816,
28744,
12128,
5367,
77513,
71092,
33471,
39036,
71864,
7433,
43408,
30252,
76544,
31754,
29077,
9944,
43176,
43099,
47198,
55275,
16431,
24823,
56960,
31261,
988,
35163,
2856,
76969,
68077,
8657,
34050,
44986,
21285,
1322,
40238,
24600,
22555,
65950,
75728,
16356,
37545,
58235,
8828,
19092,
16437,
50772,
51542,
15896,
12775,
13844,
75500,
1904,
47900,
69624,
76083,
63818,
31606,
61057,
21575,
34951,
63331,
8163,
62838,
23938,
15870,
68745,
16218,
57444,
59352,
77625,
11857,
65768,
1645,
23287,
46817,
70572,
9871,
33668,
68218,
40622,
72714,
63670,
24975,
69639,
42798,
78152,
72895,
9045,
7929,
26414,
68551,
6048,
52298,
33663,
39471,
61614,
57893,
71053,
74095,
172,
17715,
68597,
3376,
68995,
33558,
22649,
8435,
44944,
9005,
69072,
63910,
1894,
51203,
69516,
55675,
16148,
9964,
9303,
44188,
26413,
65621,
59861,
49134,
38849,
6217,
16154,
58626,
74790,
67923,
1391,
41952,
73896,
19214,
24119,
67335,
12669,
15931,
58672,
46302,
19720,
65351,
65916,
33940,
12738,
11547,
27392,
75920,
21147,
54863,
10766,
8094,
4257,
22471,
26121,
45293,
26085,
77895,
16844,
15522,
31374,
4484,
14515,
22021,
18786,
71395,
45558,
52822,
14005,
14607,
69472,
66844,
69104,
12313,
24253,
29391,
4125,
853,
13156,
39493,
41720,
56022,
29212,
35121,
59268,
55444,
1142,
26656,
14393,
13912,
3334,
77288,
70075,
47530,
48669,
29815,
6465,
20099,
33116,
33070,
30048,
73610,
27924,
34123,
50457,
8881,
43175,
52397,
41489,
6635,
43423,
54903,
72703,
66370,
63264,
33016,
74606,
49860,
58938,
27953,
59661,
22749,
18694,
20370,
71653,
15032,
58352,
78286,
193,
52792,
72278,
65728,
42117,
32404,
23427,
24366,
11801,
7334,
10277,
19299,
42039,
39691,
34612,
20467,
69260,
19600,
2868,
45141,
29837,
40556,
67585,
75659,
38760,
69388,
14158,
22408,
21967,
26882,
4126,
66431,
41934,
43104,
35458,
73840,
43898,
21837,
47836,
3608,
5673,
24071,
47615,
7150,
714,
8496,
44358,
45744,
75201,
19783,
69816,
76390,
37372,
45442,
48620,
8485,
20341,
3823,
62139,
3293,
34349,
20130,
31075,
45478,
49483,
14996,
33754,
70839,
40453,
4962,
73278,
45984,
58861,
27312,
20680,
77498,
63394,
31852,
19774,
72851,
41228,
30131,
15240,
20885,
76397,
47885,
46984,
48768,
57105,
7132,
41431,
9145,
18300,
47943,
50027,
58798,
69666,
57101,
37484,
23940,
74474,
65931,
66954,
28151,
28818,
67186,
2059,
53030,
16529,
56736,
52275,
37844,
57993,
63103,
61514,
7275,
17834,
43929,
14999,
59530,
1017,
27276,
9753,
33805,
76722,
15333,
980,
60194,
27847,
63184,
65157,
22278,
5597,
7719,
2752,
71753,
44273,
41957,
73478,
5549,
43136,
8678,
30143,
19328,
24726,
67972,
1008,
75155,
60128,
7059,
1751,
3002,
44570,
15136,
57849,
452,
76049,
32118,
69546,
39616,
35225,
67846,
66035,
8505,
64369,
26809,
29873,
63859,
18205,
29116,
8684,
6157,
68199,
34546,
31895,
16315,
3768,
48764,
31074,
25431,
74769,
36539,
43411,
13926,
14259,
54003,
6855,
6218,
55864,
42400,
32120,
45709,
36997,
56946,
21136,
69015,
52844,
14375,
8554,
14431,
52533,
61561,
67948,
68730,
43519,
14889,
30346,
14581,
17635,
1764,
20184,
14178,
13051,
52495,
32422,
9638,
59150,
23361,
72967,
17528,
25524,
68047,
65022,
5150,
4395,
58727,
30234,
45836,
76740,
3257,
44284,
45806,
25783,
33219,
42677,
17235,
75697,
40775,
43800,
29976,
58952,
13121,
15278,
7388,
50795,
49076,
16878,
16599,
30636,
13672,
36554,
845,
7635,
74751,
17293,
68722,
36258,
77237,
37750,
25126,
30403,
20757,
3808,
40923,
45493,
70320,
54266,
5831,
42303,
48953,
51395,
18417,
62433,
4991,
53011,
37149,
20712,
27931,
39207,
59296,
77977,
20053,
9010,
74354,
28597,
51930,
41652,
30261,
41732,
25424,
71373,
21624,
75579,
6832,
27650,
54163,
77935,
37918,
43000,
58412,
53890,
73184,
18440,
519,
63221,
42267,
48845,
22060,
66127,
12896,
45740,
77407,
37597,
31057,
41596,
51242,
20648,
9793,
17819,
31222,
17842,
42756,
66150,
26505,
53783,
52521,
74486,
46342,
42717,
28293,
61010,
1917,
61485,
46793,
1755,
36285,
54373,
2994,
48766,
17170,
48410,
36174,
29917,
14002,
34922,
15111,
35263,
36293,
24811,
69815,
67869,
54926,
42026,
55541,
50127,
61615,
71295,
50092,
61192,
52343,
52131,
31294,
47865,
37947,
71894,
40774,
40470,
37339,
52985,
36034,
64938,
17783,
7802,
46642,
3119,
38914,
26164,
72053,
32264,
21993,
51386,
6819,
63567,
1880,
25058,
37718,
53288,
34162,
64965,
35198,
71357,
10825,
436,
721,
32944,
29495,
47281,
60334,
16932,
27175,
47541,
42453,
19347,
66445,
64021,
75735,
23135,
22417,
77633,
20984,
45594,
54654,
74293,
73213,
32923,
47289,
63804,
22702,
59638,
46614,
10140,
37234,
42896,
47204,
29321,
48886,
77479,
39901,
54993,
59570,
54411,
62949,
34603,
64715,
32580,
2371,
871,
1525,
71063,
66948,
10332,
70861,
13060,
20567,
3256,
27959,
50139,
48063,
23950,
3015,
17683,
45565,
70478,
58150,
24177,
54591,
20766,
69948,
29662,
72603,
71211,
78285,
62704,
29648,
13903,
63306,
59195,
77550,
42393,
73358,
20572,
48720,
55902,
37623,
50913,
65229,
18104,
35116,
30900,
11440,
23699,
43721,
4899,
47253,
49169,
45215,
16027,
43510,
64081,
67218,
49867,
20930,
51924,
22765,
28778,
20333,
68639,
66756,
24696,
55055,
20361,
28677,
37410,
67473,
20048,
47128,
44370,
26637,
75124,
39247,
77993,
26400,
62224,
56264,
35440,
73423,
17720,
69884,
116,
63222,
69755,
37193,
41875,
46977,
21058,
54305,
57717,
6870,
60896,
55540,
38790,
30873,
11770,
28450,
48277,
63756,
51118,
69913,
23227,
16453,
27616,
3308,
21523,
292,
47838,
74319,
48184,
34875,
63309,
7778,
62325,
24230,
55400,
25546,
43018,
32341,
64498,
9674,
25803,
9240,
50820,
13047,
53231,
3098,
49109,
73297,
38646,
12798,
25923,
34860,
25693,
67944,
70389,
31488,
24323,
70053,
47132,
24032,
60995,
47473,
70745,
52330,
464,
67868,
37379,
30536,
26898,
36836,
67203,
4880,
42030,
20226,
60483,
71707,
2039,
7942,
815,
7526,
42751,
29243,
35522,
22933,
44764,
34059,
73325,
62763,
65880,
2372,
25493,
69118,
38203,
36598,
29717,
36103,
34048,
46471,
75854,
5473,
11060,
77889,
61456,
16688,
20104,
30090,
2209,
46440,
32603,
5061,
11776,
33332,
26503,
10881,
40558,
23581,
39298,
7061,
76818,
18241,
37336,
76396,
40472,
61085,
47283,
10469,
45791,
42790,
28494,
66791,
31755,
61519,
60252,
61738,
72003,
77559,
53034,
30105,
59243,
16578,
20845,
77604,
20218,
19590,
53376,
1603,
51014,
15316,
42427,
25958,
33109,
25081,
62451,
59936,
27583,
67084,
78037,
36027,
10285,
8239,
56819,
67951,
63495,
23610,
23258,
21888,
55195,
16650,
2881,
46228,
19104,
41892,
59390,
910,
45129,
67589,
67420,
24724,
24562,
47196,
24865,
46238,
39063,
21874,
78171,
21038,
56240,
56897,
9390,
63590,
32024,
56430,
73128,
28244,
36609,
32019,
42558,
68281,
29883,
51631,
34335,
78004,
59597,
43201,
14609,
50233,
45570,
15460,
2560,
49758,
10855,
41546,
35539,
2660,
73991,
807,
52206,
67394,
73722,
74418,
48956,
77609,
16869,
8002,
59924,
17190,
13520,
15388,
77411,
12118,
76386,
33316,
28593,
8282,
32163,
65168,
32983,
29204,
5181,
23221,
57033,
58222,
72391,
51090,
33503,
38369,
8704,
18892,
20078,
71305,
18398,
10420,
28352,
32160,
39351,
60630,
39198,
39388,
53497,
38537,
15219,
6792,
15793,
1038,
43656,
59619,
40942,
72997,
67132,
55619,
927,
3514,
42309,
15036,
12628,
31400,
34314,
20830,
4722,
20460,
25910,
34458,
77807,
58431,
68830,
20171,
51976,
5392,
69731,
21012,
46153,
14657,
11666,
59631,
21692,
43900,
59799,
34728,
54826,
45994,
77005,
40108,
54079,
73727,
42932,
75852,
39337,
76681,
69698,
53130,
30363,
4693,
24350,
37511,
63271,
63392,
20126,
34376,
1469,
55920,
38399,
42177,
29771,
25999,
16590,
31246,
12671,
53402,
41738,
36222,
76032,
59863,
57418,
7284,
15487,
23525,
19935,
22590,
72768,
63932,
42851,
25523,
31654,
66048,
27679,
4807,
1607,
62293,
24474,
70418,
50214,
70215,
32801,
20116,
15761,
3171,
72130,
11605,
33444,
34719,
19415,
68846,
63019,
6830,
65009,
18031,
66785,
29327,
48159,
54383,
63433,
3580,
13215,
69545,
68258,
8903,
38932,
35841,
52018,
24007,
37486,
32274,
24708,
32583,
14879,
66334,
50605,
63597,
76816,
51402,
60084,
4932,
38600,
53945,
55329,
47446,
55187,
61149,
20268,
77605,
20070,
8167,
65209,
64839,
28316,
42902,
46938,
45274,
7355,
44855,
20475,
66012,
67941,
47555,
41493,
8891,
7025,
6647,
40138,
23752,
42405,
36503,
64328,
72951,
31330,
34488,
55665,
12004,
15330,
8549,
67252,
12876,
70217,
55891,
45770,
66298,
12878,
44182,
8698,
61322,
41633,
4471,
54435,
57232,
75729,
48082,
34628,
26433,
5940,
56559,
3442,
58922,
68349,
42938,
9951,
23469,
3752,
8954,
64943,
49614,
75342,
41930,
43694,
58759,
11132,
29475,
44439,
23913,
29498,
45276,
59528,
57573,
24358,
10296,
64354,
18001,
44702,
41235,
16388,
66074,
22607,
3205,
77551,
63536,
858,
27006,
59304,
4104,
25408,
49346,
36286,
48547,
52292,
53359,
26011,
26704,
45522,
70324,
21903,
73833,
77206,
53512,
46527,
62136,
20073,
38077,
15463,
46757,
24793,
42491,
36162,
36085,
47012,
37602,
22415,
65700,
26748,
20489,
76977,
46087,
4636,
67017,
39211,
53254,
27965,
1398,
72945,
1036,
22983,
42051,
75822,
6883,
67136,
5935,
17904,
43325,
13130,
4138,
54908,
50950,
28021,
30857,
20916,
65010,
67392,
52109,
38949,
34188,
62500,
35468,
21098,
66646,
73231,
35530,
46881,
71501,
69946,
11247,
47560,
11658,
55460,
39143,
19850,
71433,
71301,
38477,
75105,
71364,
11870,
1013,
46514,
54632,
10440,
74690,
56770,
22252,
49066,
38200,
1825,
14382,
41663,
63316,
26443,
75878,
51031,
21883,
49547,
24776,
52613,
62384,
36460,
20178,
19609,
57701,
60381,
36248,
48723,
16667,
5479,
64650,
52111,
23070,
12781,
7253,
74274,
18839,
34443,
52662,
34402,
34895,
59533,
51475,
73595,
58675,
77346,
14532,
7766,
74449,
60656,
4479,
1644,
71189,
48191,
43311,
949,
58562,
69772,
53760,
66454,
58092,
7570,
30965,
11692,
24505,
61287,
53196,
43261,
25849,
1162,
5295,
30109,
74331,
31215,
24718,
35168,
65921,
5023,
74369,
58391,
57985,
66460,
38241,
77769,
53230,
30577,
60274,
3347,
42592,
41984,
63948,
18176,
57386,
55046,
23845,
10976,
65070,
23578,
66211,
64513,
35815,
45667,
46620,
76985,
4712,
2872,
8278,
1679,
27891,
256,
18587,
37081,
3143,
43272,
25575,
1292,
60467,
38810,
37523,
15697,
39214,
64287,
26405,
14735,
30777,
69067,
33782,
62847,
22144,
15306,
35604,
74952,
70214,
65249,
4199,
32822,
75840,
48988,
60113,
53327,
34140,
35017,
35712,
21606,
16358,
37987,
29587,
26126,
46927,
27139,
48376,
32126,
56925,
3148,
11485,
28498,
34780,
22807,
26538,
54540,
56432,
42216,
50988,
19813,
28653,
21902,
69715,
19573,
18357,
73419,
37691,
10372,
42949,
60871,
65345,
68148,
72013,
73644,
22039,
46483,
13768,
27907,
16768,
15358,
77099,
54427,
54769,
14991,
22327,
4464,
64661,
27180,
69567,
476,
69244,
21428,
7661,
60280,
74975,
53118,
44712,
42869,
17404,
567,
56070,
50603,
63638,
62093,
40824,
6211,
14220,
51109,
46811,
15050,
358,
18179,
63771,
9152,
39008,
17611,
42073,
23976,
71911,
11094,
63292,
39606,
53059,
3743,
22127,
66329,
25414,
9285,
43690,
53312,
24998,
11909,
30954,
8307,
54868,
44402,
51873,
72710,
36590,
4625,
55078,
14929,
55402,
3804,
64022,
47375,
70743,
18829,
25936,
41330,
41613,
38962,
67821,
11912,
72227,
36290,
29563,
66859,
45077,
5513,
50468,
12676,
38192,
64679,
3305,
150,
42528,
66755,
3212,
77215,
64506,
56610,
831,
71716,
48237,
57250,
51971,
28948,
64193,
32114,
5266,
35610,
28684,
69050,
48355,
8732,
10906,
15140,
76119,
6823,
28272,
38964,
36011,
73882,
38212,
15735,
14709,
24144,
75325,
17228,
68348,
28020,
17761,
41866,
49686,
32193,
33446,
21545,
38679,
33624,
33030,
38749,
57497,
27903,
35134,
8294,
77678,
35462,
63444,
45739,
52670,
34854,
51579,
75658,
51244,
62497,
53935,
52532,
39429,
48327,
29923,